volt,velo
-0.0,0.0
-3197.0,-55.8
-7805.0,-349.6
-8365.0,-145.6
-7281.0,-107.8
-6351.0,-46.6
-7811.0,-176.4
-8168.0,-186.2
-7996.0,-169.0
-8414.0,-229.0
-9160.0,-282.6
-9443.0,-271.8
-9375.0,-313.8
-9708.0,-338.8
-9825.0,-332.8
-9924.0,-353.0
-9973.0,-363.0
-10460.0,-394.4
-10650.0,-369.6
-10823.0,-412.2
-10860.0,-404.4
-10946.0,-414.8
-10983.0,-439.2
-11026.0,-430.4
-11032.0,-425.6
-11082.0,-442.4
-11069.0,-442.0
-11069.0,-413.2
-11088.0,-455.2
-11008.0,-419.8
-11020.0,-407.6
-11045.0,-455.2
-11045.0,-412.2
-11076.0,-434.6
-10792.0,-414.6
-10416.0,-406.2
-10466.0,-418.2
-10090.0,-390.6
-9714.0,-372.4
-9954.0,-387.0
-7207.0,-317.8
-5519.0,-315.8
-3949.0,-260.4
-3043.0,-206.6
-2599.0,-200.8
-2704.0,-220.8
-3665.0,-281.6
-4441.0,-282.4
-6443.0,-354.8
-9400.0,-500.0
-10139.0,-308.6
-9893.0,-307.2
-10041.0,-347.0
-10108.0,-340.6
-10041.0,-341.8
-10182.0,-376.0
-10312.0,-393.4
-10318.0,-401.8
-10349.0,-380.4
-10841.0,-434.2
-10946.0,-407.4
-11014.0,-425.8
-11045.0,-449.0
-11088.0,-432.8
-11137.0,-467.0
-11162.0,-463.2
-10743.0,-456.0
-10823.0,-470.6
-10885.0,-458.6
-10429.0,-445.0
-10250.0,-453.0
-10416.0,-446.6
-10447.0,-454.8
-10509.0,-470.0
-10570.0,-459.8
-10620.0,-455.6
-10681.0,-485.2
-10644.0,-468.0
-10681.0,-452.0
-10718.0,-474.6
-10755.0,-476.8
-10804.0,-480.2
-10804.0,-472.4
-10823.0,-506.8
-10841.0,-484.8
-10878.0,-504.0
-10885.0,-510.8
-10989.0,-500.8
-10995.0,-503.6
-11143.0,-504.8
-11347.0,-494.2
-11433.0,-533.4
-11384.0,-508.2
-11414.0,-514.0
-11488.0,-537.0
-11476.0,-528.0
-11513.0,-539.8
-11538.0,-527.8
-11507.0,-535.2
-11445.0,-520.8
-11390.0,-497.6
-11451.0,-525.4
-11414.0,-508.2
-11464.0,-527.8
-11408.0,-491.2
-11371.0,-505.8
-11359.0,-476.2
-11285.0,-463.6
-11353.0,-508.2
-11008.0,-448.6
-10632.0,-469.2
-10731.0,-475.8
-10429.0,-448.2
-10176.0,-468.0
-10336.0,-475.2
-10379.0,-452.8
-10336.0,-462.4
-10792.0,-447.8
-10527.0,-458.6
-11100.0,-475.2
-11186.0,-437.8
-11193.0,-484.4
-11137.0,-443.8
-11180.0,-463.2
-11242.0,-499.6
-11211.0,-452.0
-11242.0,-485.8
-10804.0,-492.2
-10817.0,-458.0
-10687.0,-466.8
-10201.0,-437.6
-10219.0,-440.6
-10841.0,-471.6
-10952.0,-427.2
-11106.0,-475.6
-11143.0,-447.4
-11174.0,-457.4
-11230.0,-501.2
-11199.0,-481.8
-11217.0,-448.6
-11260.0,-492.8
-11119.0,-459.8
-10706.0,-464.4
-10835.0,-474.8
-10453.0,-441.0
-10225.0,-469.8
-10250.0,-456.6
-10330.0,-458.8
-10342.0,-470.2
-10392.0,-444.2
-10515.0,-472.6
-10496.0,-462.0
-10570.0,-430.0
-10650.0,-481.0
-10601.0,-450.6
-10663.0,-449.0
-10724.0,-500.6
-10761.0,-468.8
-10792.0,-478.4
-10792.0,-480.6
-10798.0,-472.4
-10811.0,-500.2
-10817.0,-469.4
-10804.0,-459.0
-11211.0,-505.0
-11254.0,-490.2
-11310.0,-502.0
-11297.0,-508.2
-11279.0,-504.6
-11303.0,-489.4
-11303.0,-515.6
-11377.0,-522.2
-11365.0,-499.2
-11273.0,-497.0
-11242.0,-484.6
-11223.0,-473.4
-11273.0,-513.4
-11347.0,-497.2
-11384.0,-508.4
-11390.0,-515.6
-11174.0,-485.0
-10743.0,-487.0
-10989.0,-506.2
-10570.0,-465.8
-10219.0,-485.0
-10293.0,-473.4
-11026.0,-484.0
-11174.0,-466.4
-11149.0,-471.6
-11260.0,-502.0
-11266.0,-490.8
-11199.0,-459.0
-11186.0,-476.6
-11193.0,-472.4
-11174.0,-485.6
-11149.0,-440.4
-11174.0,-472.4
-10952.0,-450.2
-10386.0,-414.8
-10330.0,-453.4
-9967.0,-418.8
-10071.0,-422.6
-10096.0,-430.0
-10102.0,-418.4
-10016.0,-387.8
-10201.0,-421.0
-10244.0,-425.8
-10299.0,-403.6
-10355.0,-439.0
-10367.0,-410.6
-10466.0,-448.6
-10490.0,-432.0
-10496.0,-436.4
-10577.0,-457.8
-10601.0,-454.4
-10626.0,-456.2
-10657.0,-449.0
-10718.0,-468.2
-10694.0,-462.2
-10749.0,-471.8
-10798.0,-495.4
-9529.0,-433.2
-8821.0,-454.4
-8488.0,-462.4
-6911.0,-400.0
-5341.0,-346.8
-148.0,-168.4
1540.0,-69.4
2261.0,-69.4
2439.0,-69.4
2630.0,-71.8
1047.0,-16.8
-585.0,-40.8
-899.0,-90.4
-887.0,-85.0
-739.0,-68.4
-2513.0,-67.8
-7090.0,-186.4
-7028.0,-73.4
-6061.0,-61.4
-7829.0,-169.4
-7521.0,-139.6
-7004.0,-140.0
-8365.0,-215.8
-8334.0,-205.0
-4293.0,-105.8
-2033.0,-118.8
-1226.0,-98.8
-850.0,-73.4
-739.0,-53.0
-641.0,-45.4
-554.0,-36.8
-727.0,-54.6
-721.0,-55.2
-653.0,-46.6
-437.0,-35.4
-191.0,-21.2
-2470.0,-38.6
-5150.0,-221.8
-5914.0,-121.2
-5957.0,-70.6
-4275.0,-38.8
326.0,28.6
5914.0,235.8
8821.0,239.0
8778.0,249.4
7380.0,116.6
6388.0,40.6
6068.0,34.6
7281.0,137.8
7392.0,141.2
7651.0,149.0
7761.0,172.6
7404.0,163.4
8304.0,212.6
5008.0,105.6
2784.0,102.4
745.0,51.0
55.0,34.4
370.0,30.0
721.0,46.0
721.0,52.6
708.0,49.2
474.0,34.2
222.0,24.8
80.0,24.8
-3142.0,-77.4
-7521.0,-217.0
-7860.0,-150.2
-7115.0,-133.2
-6696.0,-122.6
-7644.0,-160.6
-7651.0,-185.8
-8113.0,-218.0
-8297.0,-234.2
-8839.0,-220.0
-2895.0,-87.6
-2784.0,-165.6
-1694.0,-119.6
-955.0,-73.8
-142.0,-63.4
-31.0,-62.8
-721.0,-33.8
-961.0,-92.8
-801.0,-75.0
-653.0,-51.0
-2070.0,-36.0
-7805.0,-256.6
-2741.0,-119.4
-5587.0,-108.4
-6739.0,-99.0
-7035.0,-168.0
-7595.0,-128.0
-8057.0,-212.4
-8248.0,-223.4
-8975.0,-251.4
-9043.0,-269.4
-9215.0,-282.8
-9486.0,-287.2
-9542.0,-304.4
-9751.0,-326.4
-9868.0,-349.8
-9948.0,-365.0
-9979.0,-359.0
-10170.0,-421.0
-10182.0,-384.0
-10632.0,-426.8
-10780.0,-429.2
-10866.0,-416.2
-10965.0,-444.8
-11014.0,-443.4
-11014.0,-450.8
-11039.0,-434.2
-11094.0,-469.2
-11032.0,-436.4
-11076.0,-456.2
-11119.0,-459.6
-11076.0,-450.2
-11156.0,-460.6
-11162.0,-473.8
-11094.0,-449.0
-10798.0,-458.0
-10558.0,-454.6
-10724.0,-448.6
-10306.0,-459.6
-9991.0,-429.0
-10188.0,-465.0
-10213.0,-431.0
-10176.0,-414.8
-10108.0,-439.0
-9486.0,-399.4
-8655.0,-400.8
-9154.0,-411.8
-8538.0,-395.6
-8316.0,-373.2
-8279.0,-385.8
-8341.0,-405.0
-8519.0,-387.2
-8944.0,-398.8
-9246.0,-394.4
-9443.0,-405.2
-7607.0,-361.0
-9585.0,-455.2
-9948.0,-380.4
-10115.0,-389.6
-10188.0,-405.4
-10188.0,-398.2
-10034.0,-370.0
-10256.0,-406.4
-10312.0,-416.8
-10213.0,-432.0
-7558.0,-374.2
-5433.0,-319.4
-3992.0,-258.0
-3400.0,-249.2
1947.0,-98.8
4842.0,-52.2
5784.0,-52.2
5636.0,-45.4
5784.0,-45.4
5889.0,-33.6
5981.0,19.6
5606.0,19.6
6197.0,41.0
7047.0,87.0
7004.0,115.2
8057.0,219.2
8661.0,264.0
8981.0,267.0
8944.0,240.6
5723.0,185.6
2895.0,130.4
1072.0,80.2
721.0,47.8
727.0,43.0
1029.0,99.0
1583.0,139.2
-1404.0,106.0
-4337.0,-69.8
-7761.0,-114.4
-6098.0,-45.0
-7065.0,-77.2
-6480.0,-79.6
-7497.0,-148.4
-8106.0,-200.2
-8273.0,-221.4
-8667.0,-227.6
-8495.0,-237.8
-8846.0,-243.2
-8950.0,-253.8
-9209.0,-262.4
-9265.0,-289.2
-9560.0,-329.6
-9628.0,-322.0
-9714.0,-349.2
-6480.0,-218.0
-4484.0,-232.8
-2267.0,-135.8
-1195.0,-90.6
-899.0,-78.6
-1577.0,-139.8
-2636.0,-154.2
-6394.0,-318.6
-9573.0,-416.0
-9646.0,-302.0
-9024.0,-278.2
-3825.0,-129.2
788.0,-51.8
2710.0,48.6
7336.0,136.0
7244.0,131.2
6382.0,68.6
5655.0,68.6
5593.0,20.2
7453.0,129.0
7688.0,143.2
7792.0,142.0
7996.0,158.4
8285.0,201.4
8365.0,208.0
7934.0,188.4
8630.0,248.0
9012.0,245.6
9129.0,280.6
9406.0,288.2
4029.0,150.2
2224.0,146.2
1817.0,141.4
1756.0,145.8
2242.0,170.6
1922.0,151.8
1675.0,137.8
1669.0,135.2
1602.0,131.8
1466.0,137.6
1331.0,117.4
1189.0,103.0
862.0,76.4
376.0,51.0
25.0,51.0
6.0,51.6
-0.0,51.6
6.0,42.0
-1860.0,-81.0
-6530.0,-264.6
-3222.0,-143.2
-4447.0,-85.6
-7891.0,-121.2
-7601.0,-160.2
-7090.0,-113.6
-8199.0,-201.2
-2433.0,-117.4
-302.0,-117.4
-68.0,-40.2
-647.0,-23.6
-967.0,-92.2
-1682.0,-100.8
-5704.0,-251.8
-9560.0,-301.8
-8568.0,-165.8
-6702.0,-74.2
-7534.0,-143.2
-7669.0,-135.4
-7946.0,-177.0
-7940.0,-165.0
-8445.0,-229.4
-8950.0,-263.0
-9067.0,-274.0
-9369.0,-307.2
-9548.0,-324.0
-9622.0,-326.2
-9677.0,-328.8
-9819.0,-344.8
-9924.0,-378.8
-10010.0,-381.6
-10090.0,-403.0
-10195.0,-381.8
-10244.0,-424.2
-10269.0,-391.8
-10299.0,-432.6
-10361.0,-423.8
-10398.0,-418.8
-10429.0,-428.2
-10681.0,-448.6
-10780.0,-449.2
-11032.0,-463.0
-11076.0,-461.8
-11076.0,-458.8
-11112.0,-473.0
-11131.0,-481.6
-11100.0,-474.0
-11137.0,-463.4
-11131.0,-488.6
-11156.0,-505.6
-11174.0,-462.8
-11186.0,-492.8
-11199.0,-503.8
-11174.0,-475.8
-11174.0,-490.4
-11156.0,-486.6
-11137.0,-470.8
-11143.0,-487.0
-11100.0,-446.0
-11131.0,-485.0
-11094.0,-458.6
-11100.0,-450.0
-11143.0,-487.2
-11076.0,-445.6
-11088.0,-450.6
-11125.0,-488.2
-11094.0,-457.2
-11100.0,-472.4
-10737.0,-460.4
-10373.0,-432.2
-10509.0,-478.4
-10004.0,-448.0
-10041.0,-457.4
-9985.0,-428.4
-9985.0,-418.6
-9948.0,-420.0
-10620.0,-430.6
-10854.0,-455.6
-10977.0,-445.6
-11020.0,-454.4
-10995.0,-454.6
-10989.0,-444.8
-11032.0,-462.6
-11039.0,-457.6
-11125.0,-467.4
-11094.0,-452.2
-10644.0,-434.8
-10429.0,-461.0
-10410.0,-431.4
-9936.0,-424.4
-9942.0,-442.8
-10010.0,-410.2
-10078.0,-432.8
-10078.0,-422.6
-10176.0,-429.6
-10244.0,-437.0
-10330.0,-445.4
-10367.0,-436.2
-10392.0,-434.6
-10447.0,-448.2
-10379.0,-426.6
-8710.0,-414.0
-6369.0,-363.6
-4903.0,-321.8
-4201.0,-280.4
-3856.0,-274.2
-3992.0,-294.2
-4293.0,-312.6
-4361.0,-301.6
-4232.0,-300.2
-4226.0,-295.6
-4010.0,-278.2
-3671.0,-257.0
-3369.0,-238.0
-5180.0,-272.0
-9523.0,-474.4
-10484.0,-365.2
-10225.0,-358.0
-9942.0,-300.8
-10071.0,-354.0
-10158.0,-342.6
-10158.0,-373.2
-10262.0,-376.8
-10342.0,-403.6
-10367.0,-411.4
-10435.0,-422.4
-10404.0,-393.2
-10466.0,-441.8
-6376.0,-320.8
-3659.0,-234.4
-3098.0,-226.4
-561.0,-170.6
3129.0,-27.6
7072.0,46.6
5612.0,46.6
5821.0,46.6
5803.0,63.2
4571.0,57.2
5039.0,57.2
4866.0,16.6
6930.0,76.2
1263.0,23.8
-3123.0,-84.0
-7201.0,-299.8
-7915.0,-192.0
-8827.0,-234.8
-8895.0,-256.8
-9104.0,-221.6
-8649.0,-222.8
-7872.0,-160.6
-7552.0,-143.8
-7842.0,-155.0
-7879.0,-156.6
-8069.0,-178.4
-8439.0,-222.8
-8704.0,-223.0
-8636.0,-227.2
-8993.0,-261.8
-8987.0,-255.0
-9215.0,-267.6
-9412.0,-311.6
-9443.0,-289.6
-9511.0,-297.6
-9554.0,-322.0
-9634.0,-337.8
-9696.0,-347.6
-9751.0,-328.6
-9813.0,-377.0
-9850.0,-346.6
-9930.0,-388.6
-9991.0,-381.0
-10047.0,-420.0
-10084.0,-393.6
-10158.0,-401.8
-10096.0,-407.6
-10207.0,-414.8
-10225.0,-432.0
-10262.0,-443.6
-10256.0,-418.8
-10287.0,-422.8
-10336.0,-451.0
-10262.0,-408.8
-10324.0,-454.2
-10306.0,-443.4
-10299.0,-435.6
-10318.0,-459.4
-10306.0,-433.6
-10361.0,-443.4
-10379.0,-475.8
-10330.0,-433.6
-10373.0,-466.6
-10423.0,-468.4
-10410.0,-455.4
-10447.0,-480.0
-10527.0,-477.8
-10490.0,-479.0
-7324.0,-387.0
-4897.0,-322.4
-4367.0,-308.0
-4281.0,-267.8
-6456.0,-346.4
-10047.0,-518.0
-10638.0,-547.8
-9702.0,-366.6
-9609.0,-316.2
-9640.0,-329.4
-9622.0,-348.0
-9548.0,-339.6
-9603.0,-364.8
-9677.0,-368.2
-9696.0,-372.6
-9714.0,-375.4
-4115.0,-210.8
-1306.0,-86.4
-1762.0,-167.6
-3203.0,-244.8
-3179.0,-237.6
-2951.0,-218.8
-2858.0,-216.6
-2846.0,-218.8
-2760.0,-213.2
-2519.0,-189.2
-2261.0,-174.4
-1971.0,-154.2
-1583.0,-124.6
-1269.0,-107.4
-1189.0,-103.6
-1127.0,-105.6
-1121.0,-106.8
-1023.0,-82.0
-936.0,-66.4
-4829.0,-202.8
-9314.0,-438.8
-9961.0,-235.8
-9542.0,-233.8
-8747.0,-215.4
-8667.0,-237.6
-9123.0,-251.0
-9936.0,-287.8
-9634.0,-305.6
-10336.0,-352.2
-10435.0,-330.8
-10490.0,-354.2
-10626.0,-377.4
-10620.0,-377.6
-10724.0,-386.6
-10798.0,-424.4
-10835.0,-420.4
-10835.0,-429.4
-10829.0,-404.8
-10885.0,-438.2
-10817.0,-394.2
-10891.0,-442.2
-10958.0,-446.8
-10878.0,-410.2
-11014.0,-468.4
-10977.0,-442.8
-11008.0,-442.0
-10983.0,-442.2
-4423.0,-270.2
-1614.0,-134.2
-1639.0,-145.8
-2840.0,-227.6
-3382.0,-258.6
-3696.0,-271.8
-3573.0,-256.0
-3302.0,-244.6
-3000.0,-217.0
-2692.0,-198.0
-2433.0,-182.8
-2020.0,-153.8
-1331.0,-109.0
-986.0,-87.8
-813.0,-75.4
-739.0,-66.2
-1029.0,-105.2
-1417.0,-129.4
-1300.0,-112.0
-979.0,-94.6
-788.0,-68.8
-721.0,-50.8
-536.0,-41.4
-363.0,-29.2
-240.0,-20.0
-49.0,-20.0
-12.0,-20.0
-12.0,-19.6
-6.0,-19.6
-0.0,-16.0
-6.0,-24.8
-6.0,-24.8
-0.0,0.0
-0.0,0.0
-6.0,0.0
-0.0,0.0
-6.0,0.0
-6.0,0.0
-3647.0,-23.8
-8772.0,-357.2
-9375.0,-185.6
-8248.0,-177.4
-7127.0,-162.8
-9043.0,-236.6
-8753.0,-204.6
-8913.0,-232.4
-9677.0,-263.2
-9911.0,-315.6
-10188.0,-333.6
-10213.0,-313.8
-10287.0,-345.4
-10435.0,-328.2
-10490.0,-372.6
-10583.0,-358.0
-10657.0,-382.6
-10700.0,-394.4
-10724.0,-406.8
-10755.0,-388.8
-10447.0,-428.4
-10238.0,-385.2
-10404.0,-419.4
-9887.0,-387.6
-9733.0,-422.0
-9794.0,-382.4
-9837.0,-390.0
-9887.0,-398.6
-9998.0,-389.2
-10102.0,-425.6
-10238.0,-421.2
-10238.0,-415.6
-10262.0,-419.8
-10281.0,-436.4
-10287.0,-408.8
-10373.0,-432.4
-8032.0,-349.8
-6031.0,-353.4
-4608.0,-305.6
-4103.0,-274.4
-3764.0,-265.6
-3487.0,-258.4
-3345.0,-262.6
-2920.0,-248.0
-3825.0,-250.4
-9228.0,-460.8
-10737.0,-536.0
-10238.0,-305.2
-9831.0,-292.0
-10096.0,-329.2
-10441.0,-371.6
-10540.0,-350.6
-10601.0,-384.8
-10700.0,-382.2
-10786.0,-430.6
-10811.0,-393.6
-10885.0,-449.8
-10952.0,-430.6
-10965.0,-446.8
-10977.0,-458.6
-11008.0,-443.4
-10496.0,-451.2
-10601.0,-435.4
-10460.0,-458.6
-10078.0,-428.8
-10182.0,-459.2
-10318.0,-461.4
-10349.0,-441.8
-10379.0,-468.4
-10355.0,-438.2
-7798.0,-403.2
-6813.0,-409.2
-5809.0,-385.8
-4959.0,-321.6
-4133.0,-279.2
-813.0,-173.8
1910.0,-55.4
3234.0,-44.6
3831.0,-42.6
3320.0,-42.6
4337.0,-34.6
4367.0,-41.2
4429.0,-41.2
4540.0,52.8
5144.0,101.4
5254.0,113.0
6339.0,144.0
7583.0,201.0
7706.0,192.0
3776.0,131.2
1546.0,46.2
1472.0,68.6
992.0,83.0
979.0,93.2
1066.0,102.6
-2532.0,25.4
-6505.0,-92.4
-2852.0,-93.0
-6080.0,-63.0
-7127.0,-133.4
-7373.0,-132.6
-7644.0,-136.0
-8883.0,-221.6
-8827.0,-221.8
-9234.0,-251.8
-9412.0,-255.6
-9554.0,-259.0
-9628.0,-295.4
-10059.0,-327.2
-10004.0,-302.8
-10318.0,-340.6
-10355.0,-307.4
-10330.0,-358.0
-10441.0,-341.6
-10398.0,-372.2
-10232.0,-377.0
-10262.0,-381.8
-10287.0,-385.6
-9880.0,-348.8
-9720.0,-377.0
-9591.0,-363.8
-9720.0,-379.6
-9807.0,-380.6
-9899.0,-375.0
-9942.0,-396.0
-7712.0,-348.4
-7478.0,-360.8
-6554.0,-353.2
-6135.0,-344.0
-5926.0,-340.0
-5833.0,-324.8
-5877.0,-343.4
-5883.0,-328.6
-5889.0,-328.0
-5901.0,-329.4
-5889.0,-319.0
-5815.0,-290.4
-5753.0,-257.8
-5686.0,-248.2
-5741.0,-239.8
-5723.0,-229.4
-5753.0,-247.0
-5907.0,-238.2
-6000.0,-237.6
-5026.0,-206.6
-2476.0,-140.2
-499.0,-90.0
2328.0,-19.0
3887.0,48.0
4392.0,48.0
3788.0,48.0
4755.0,40.4
4823.0,40.4
4848.0,23.4
4940.0,55.2
4916.0,76.0
4903.0,81.4
4916.0,94.6
4891.0,93.6
4909.0,104.8
4928.0,106.6
4854.0,112.8
4571.0,119.4
4491.0,121.6
524.0,119.6
-5045.0,-179.0
-6825.0,-157.0
-4860.0,-106.4
-6887.0,-28.6
-7638.0,-121.6
-5371.0,-81.8
-3795.0,-79.8
-6659.0,-253.2
-9486.0,-226.0
-9024.0,-240.2
-9135.0,-229.8
-9172.0,-236.6
-9006.0,-237.0
-9363.0,-255.2
-9437.0,-267.0
-9135.0,-255.8
-9431.0,-275.6
-9449.0,-268.2
-10041.0,-305.8
-10084.0,-303.8
-9628.0,-304.2
-10195.0,-318.2
-10299.0,-335.8
-10330.0,-341.6
-4090.0,-175.4
-4792.0,-206.2
-7749.0,-403.2
-8371.0,-423.0
-8119.0,-276.2
-8217.0,-271.4
-8242.0,-284.4
-8242.0,-290.4
-4774.0,-204.8
-2926.0,-160.6
-918.0,-110.2
2495.0,-26.8
3160.0,-26.8
3209.0,-16.6
3240.0,0.0
3252.0,0.0
2445.0,35.6
142.0,0.0
-3758.0,-144.8
-7891.0,-325.4
-4762.0,-160.8
-7589.0,-198.6
-7072.0,-62.6
-4848.0,-156.2
-7047.0,-101.8
-8895.0,-209.4
-8173.0,-186.4
-5193.0,-140.6
-7047.0,-238.2
-8082.0,-248.0
-6517.0,-215.6
-5365.0,-205.0
-5285.0,-257.0
-6246.0,-276.8
-6690.0,-292.8
-7835.0,-304.8
-9184.0,-327.6
-9505.0,-324.6
-9573.0,-333.4
-9591.0,-341.0
-9671.0,-368.0
-7607.0,-332.8
-8310.0,-381.4
-8384.0,-361.2
-10096.0,-447.4
-7842.0,-339.4
-7725.0,-383.4
-10195.0,-425.6
-10410.0,-422.8
-10330.0,-413.2
-10410.0,-422.8
-10441.0,-429.8
-10416.0,-406.4
-10496.0,-454.2
-10509.0,-432.0
-10595.0,-450.4
-9455.0,-442.4
-7170.0,-395.0
-5150.0,-330.2
-4552.0,-313.4
-4238.0,-306.0
-4497.0,-337.4
-4866.0,-335.0
-4811.0,-354.8
-4657.0,-327.8
-4454.0,-326.8
-4207.0,-294.2
-3998.0,-276.8
-3745.0,-274.8
-3511.0,-257.0
-3326.0,-243.6
-3209.0,-235.2
-3061.0,-226.4
-2938.0,-227.0
-2778.0,-206.0
-2544.0,-200.2
-2279.0,-178.8
-2101.0,-165.8
-1910.0,-151.4
-1793.0,-143.4
-1250.0,-114.6
-3653.0,-111.8
-8587.0,-396.6
-10232.0,-343.0
-9905.0,-290.4
-9819.0,-286.2
-9874.0,-301.6
-9831.0,-288.8
-9634.0,-261.0
-9844.0,-324.0
-9954.0,-311.4
-10010.0,-340.4
-10090.0,-368.4
-10090.0,-367.6
-10219.0,-388.4
-10238.0,-395.4
-10318.0,-405.4
-10373.0,-418.0
-10460.0,-422.8
-10472.0,-429.4
-10490.0,-419.4
-10564.0,-463.2
-10614.0,-433.2
-7885.0,-400.8
-6733.0,-391.4
-2926.0,-283.8
-1521.0,-141.2
-1768.0,-144.0
-2396.0,-213.4
-3647.0,-287.4
-3967.0,-290.6
-3862.0,-288.0
-3647.0,-258.2
-3320.0,-238.2
-3006.0,-226.0
-2717.0,-197.6
-2606.0,-179.6
-5778.0,-266.4
-9850.0,-438.4
-10164.0,-284.6
-9967.0,-296.8
-9831.0,-296.2
-9973.0,-316.2
-9985.0,-323.2
-10065.0,-360.4
-10219.0,-371.8
-10262.0,-397.2
-10287.0,-384.6
-10349.0,-418.4
-10361.0,-398.2
-10441.0,-440.2
-10620.0,-417.8
-10724.0,-449.4
-10823.0,-460.8
-10823.0,-435.8
-10965.0,-477.2
-11088.0,-482.4
-11193.0,-481.6
-11180.0,-487.6
-11149.0,-478.8
-11193.0,-498.8
-11149.0,-476.6
-11100.0,-456.6
-11162.0,-488.8
-11082.0,-460.2
-11069.0,-451.6
-11088.0,-460.6
-11069.0,-452.4
-11112.0,-453.2
-11100.0,-465.6
-11082.0,-435.8
-10872.0,-459.8
-10453.0,-445.2
-10657.0,-452.4
-10392.0,-467.4
-9899.0,-425.4
-10121.0,-468.6
-10139.0,-430.4
-10047.0,-399.8
-10108.0,-441.4
-10262.0,-426.0
-10355.0,-430.4
-10361.0,-448.2
-7928.0,-345.2
-6480.0,-337.2
-5519.0,-336.8
-4638.0,-316.6
-4053.0,-277.4
-3708.0,-267.4
-3758.0,-277.4
-4263.0,-316.4
-4509.0,-332.4
-4275.0,-302.2
-3998.0,-291.6
-3659.0,-265.8
-3406.0,-237.8
-3086.0,-225.4
-2889.0,-213.4
-2772.0,-205.0
-2809.0,-215.2
-2698.0,-200.6
-2507.0,-186.0
-2261.0,-173.2
-1983.0,-151.0
-1700.0,-133.0
-1441.0,-116.2
-1257.0,-107.0
-1035.0,-92.0
-899.0,-83.6
-795.0,-73.4
-733.0,-64.6
-721.0,-55.4
-665.0,-45.8
-431.0,-31.2
-253.0,-23.2
-31.0,-23.2
-12.0,-23.2
-12.0,-23.2
12.0,-23.2
25.0,-19.8
-0.0,-27.4
-6.0,-27.4
-6.0,0.0
-6.0,0.0
-0.0,0.0
-12.0,0.0
-0.0,0.0
-6.0,0.0
-0.0,0.0
-6.0,0.0
-6.0,0.0
-6.0,0.0
-6.0,0.0
-0.0,0.0
-0.0,0.0
-6.0,0.0
-0.0,0.0
-12.0,0.0
-0.0,0.0
-6.0,0.0
-12.0,0.0
-6.0,0.0
-0.0,0.0
-0.0,46.4
-0.0,46.4
-0.0,46.4
-0.0,46.4
-6.0,46.4
-6.0,46.4
-6.0,46.4
-0.0,0.0
-6.0,0.0
-0.0,0.0
-6.0,0.0
-6.0,0.0
-6.0,0.0
-0.0,0.0
-6.0,0.0
-6.0,0.0
-0.0,0.0
-6.0,0.0
-6.0,0.0
-955.0,-18.0
-4546.0,-69.8
-8377.0,-151.4
-8390.0,-174.0
-7885.0,-148.0
-8993.0,-258.4
-9000.0,-223.0
-8655.0,-200.4
-9024.0,-239.0
-9240.0,-272.0
-9683.0,-291.8
-9893.0,-313.4
-9862.0,-326.6
-10164.0,-336.8
-10435.0,-369.6
-10558.0,-355.6
-10620.0,-381.6
-10657.0,-370.4
-10743.0,-413.0
-10731.0,-374.4
-10811.0,-423.0
-10225.0,-389.4
-10404.0,-428.4
-10262.0,-406.0
-9868.0,-404.6
-9899.0,-402.8
-8618.0,-374.2
-9585.0,-444.4
-6548.0,-311.8
-3788.0,-251.0
-3228.0,-227.6
-2975.0,-223.2
-3493.0,-270.4
-3782.0,-276.6
-3875.0,-283.2
-3714.0,-264.4
-3468.0,-258.6
-3191.0,-230.8
-2883.0,-208.8
-2877.0,-187.4
-7737.0,-369.6
-10275.0,-456.2
-10219.0,-329.4
-9893.0,-277.0
-9844.0,-296.8
-10225.0,-320.6
-10429.0,-349.2
-10503.0,-344.4
-10687.0,-394.8
-10731.0,-394.6
-10786.0,-397.6
-10854.0,-447.0
-10891.0,-429.2
-10995.0,-451.4
-11039.0,-450.2
-11026.0,-453.2
-11014.0,-424.4
-11051.0,-464.8
-11026.0,-455.0
-11045.0,-442.2
-11069.0,-465.2
-11002.0,-428.4
-11069.0,-456.8
-11051.0,-452.4
-11026.0,-429.8
-11076.0,-466.6
-11008.0,-439.2
-11051.0,-434.2
-11032.0,-454.2
-11014.0,-437.2
-11026.0,-453.4
-11032.0,-451.4
-11008.0,-440.8
-11020.0,-448.8
-11039.0,-437.6
-11063.0,-456.4
-11045.0,-458.2
-11026.0,-426.4
-11045.0,-459.0
-11020.0,-443.4
-11002.0,-448.8
-11002.0,-441.2
-11051.0,-455.0
-10989.0,-435.6
-11002.0,-442.2
-11026.0,-446.8
-11008.0,-438.2
-11051.0,-444.4
-11002.0,-438.4
-10983.0,-418.8
-11014.0,-460.6
-10774.0,-403.8
-10515.0,-404.6
-10404.0,-421.0
-9807.0,-385.0
-9856.0,-381.2
-9807.0,-395.6
-9677.0,-366.0
-9646.0,-360.4
-9720.0,-378.8
-8858.0,-359.4
-6234.0,-293.6
-3942.0,-256.8
-3406.0,-247.2
-2969.0,-214.8
-2797.0,-201.0
-3222.0,-259.0
-3868.0,-290.2
-3973.0,-280.4
-3665.0,-263.0
-3388.0,-242.2
-2981.0,-216.2
-2538.0,-187.4
-2020.0,-148.2
-1583.0,-125.0
-1423.0,-122.6
-2692.0,-174.2
-3782.0,-220.8
-5920.0,-283.4
-9819.0,-443.4
-9930.0,-257.8
-9092.0,-215.6
-9412.0,-266.0
-9696.0,-296.8
-9887.0,-303.8
-9942.0,-328.0
-10041.0,-352.2
-10158.0,-356.8
-10256.0,-391.8
-10281.0,-380.4
-6727.0,-318.4
-4029.0,-250.4
-8470.0,-394.0
-10989.0,-537.6
-11310.0,-464.2
-11026.0,-441.2
-10786.0,-390.8
-10817.0,-406.8
-10866.0,-411.6
-10866.0,-432.8
-10872.0,-411.0
-10965.0,-445.4
-10965.0,-414.0
-11032.0,-453.6
-11020.0,-451.8
-11020.0,-432.2
-11045.0,-459.8
-11057.0,-452.2
-11125.0,-476.4
-11100.0,-462.8
-11094.0,-442.8
-10872.0,-453.4
-10687.0,-438.4
-10564.0,-431.0
-10244.0,-447.8
-9979.0,-435.4
-10084.0,-438.4
-10065.0,-431.6
-10090.0,-427.6
-10108.0,-428.0
-10306.0,-450.2
-10848.0,-460.6
-11039.0,-438.6
-11076.0,-476.0
-10952.0,-411.6
-10995.0,-429.6
-11026.0,-460.4
-10995.0,-430.6
-11045.0,-469.8
-11014.0,-439.8
-10965.0,-413.8
-10780.0,-436.0
-10324.0,-394.6
-10460.0,-413.6
-10176.0,-406.2
-9936.0,-415.0
-10028.0,-402.6
-10170.0,-437.2
-10096.0,-385.0
-10275.0,-420.0
-10355.0,-437.2
-10379.0,-425.2
-10373.0,-440.2
-10386.0,-414.6
-10386.0,-447.8
-10361.0,-419.4
-10509.0,-450.0
-10607.0,-476.4
-10577.0,-430.2
-10607.0,-465.6
-10650.0,-464.2
-10700.0,-471.6
-10731.0,-483.0
-10841.0,-470.6
-11131.0,-493.0
-11205.0,-494.2
-11186.0,-466.2
-11242.0,-511.4
-11193.0,-497.0
-11199.0,-485.6
-11248.0,-492.8
-11211.0,-505.8
-11230.0,-490.4
-11193.0,-479.4
-11137.0,-472.8
-11149.0,-476.2
-11168.0,-465.2
-11180.0,-489.0
-11162.0,-466.8
-11143.0,-476.0
-11168.0,-474.8
-11162.0,-454.2
-11168.0,-491.2
-11143.0,-456.0
-11143.0,-463.4
-11137.0,-468.8
-11057.0,-439.4
-11069.0,-466.4
-11094.0,-466.2
-11057.0,-440.0
-11094.0,-475.0
-11106.0,-460.0
-11131.0,-465.0
-11094.0,-464.0
-11082.0,-445.0
-11100.0,-464.6
-11082.0,-453.4
-11100.0,-437.0
-11094.0,-461.6
-11057.0,-430.2
-11020.0,-439.8
-11032.0,-445.4
-11008.0,-422.8
-10989.0,-437.4
-11002.0,-426.2
-10946.0,-413.4
-10878.0,-410.8
-10940.0,-432.6
-10823.0,-401.2
-10866.0,-412.6
-10835.0,-410.0
-10854.0,-410.2
-10835.0,-405.8
-10958.0,-426.4
-10897.0,-432.8
-10952.0,-426.8
-10743.0,-423.0
-10225.0,-397.8
-10170.0,-393.8
-9776.0,-421.0
-9936.0,-399.8
-9936.0,-411.4
-9936.0,-403.6
-9819.0,-385.0
-9831.0,-377.6
-7971.0,-371.4
-7712.0,-372.0
-7534.0,-379.4
-5741.0,-329.6
-3992.0,-261.2
-3425.0,-241.2
-3043.0,-224.4
-2901.0,-218.0
-2981.0,-234.4
-3283.0,-249.6
-3265.0,-227.4
-3025.0,-225.6
-2710.0,-200.4
-2433.0,-182.4
-2150.0,-167.0
-1811.0,-143.8
-3499.0,-146.4
-8106.0,-376.2
-10188.0,-298.2
-9973.0,-325.2
-9696.0,-268.2
-9739.0,-271.8
-9455.0,-294.0
-9930.0,-336.0
-10219.0,-362.6
-10570.0,-396.0
-10681.0,-369.6
-10774.0,-414.4
-10774.0,-401.0
-10829.0,-413.2
-10848.0,-434.6
-6899.0,-303.8
-3973.0,-258.8
-3351.0,-242.2
-3610.0,-278.6
-4337.0,-316.2
-4361.0,-310.4
-4072.0,-287.6
-3758.0,-270.6
-3548.0,-231.2
-3215.0,-230.4
-2901.0,-214.6
-2673.0,-212.4
-2495.0,-188.2
-2439.0,-186.8
-2316.0,-177.6
-2310.0,-177.6
-2205.0,-172.8
-2088.0,-151.4
-1873.0,-147.4
-2316.0,-141.2
-5088.0,-212.4
-9505.0,-474.4
-9979.0,-252.4
-9074.0,-227.6
-9197.0,-263.2
-9634.0,-280.4
-9671.0,-302.6
-10342.0,-347.0
-10577.0,-364.8
-10632.0,-370.2
-10607.0,-365.4
-10712.0,-388.6
-10761.0,-401.0
-10768.0,-398.0
-10755.0,-385.4
-10786.0,-413.8
-10737.0,-383.6
-10798.0,-398.8
-10835.0,-422.0
-10854.0,-401.4
-10940.0,-419.4
-10989.0,-429.4
-10977.0,-431.8
-10891.0,-410.8
-10971.0,-428.2
-10983.0,-449.0
-10983.0,-421.6
-11002.0,-459.0
-10952.0,-414.4
-11051.0,-464.0
-11032.0,-437.8
-11014.0,-427.8
-11026.0,-450.2
-11014.0,-435.6
-11045.0,-445.0
-11039.0,-440.8
-10965.0,-413.2
-10848.0,-397.4
-10811.0,-393.6
-10724.0,-381.4
-10552.0,-317.8
-10583.0,-358.2
-10570.0,-334.8
-10490.0,-349.8
-10620.0,-346.6
-10577.0,-351.8
-10540.0,-337.6
-10460.0,-327.0
-10373.0,-292.2
-9942.0,-270.0
-9523.0,-263.8
-9443.0,-223.8
-8741.0,-162.4
-8778.0,-211.6
-9067.0,-211.0
-9086.0,-216.2
-9209.0,-248.4
-9203.0,-233.8
-9437.0,-256.2
-5618.0,-174.8
-3425.0,-158.8
-1595.0,-107.4
-924.0,-73.6
-795.0,-63.0
-739.0,-61.0
-813.0,-78.8
-1016.0,-99.0
-998.0,-93.6
-869.0,-85.2
-788.0,-73.0
-727.0,-64.0
-727.0,-62.4
-721.0,-58.8
-721.0,-57.8
-715.0,-47.6
-536.0,-41.6
-474.0,-31.4
-388.0,-27.0
-413.0,-24.0
-376.0,-24.2
-191.0,-23.0
-166.0,-17.8
-18.0,-15.4
-12.0,-15.0
-12.0,-15.0
-6.0,-12.2
-12.0,-15.8
-1232.0,-15.8
-3499.0,-106.6
-8920.0,-421.4
-10182.0,-234.2
-8334.0,-195.0
-8889.0,-206.0
-9234.0,-217.6
-8285.0,-186.0
-9221.0,-261.8
-9573.0,-263.4
-8839.0,-259.8
-10324.0,-345.8
-10416.0,-329.2
-10478.0,-337.8
-10589.0,-359.2
-10583.0,-363.4
-10663.0,-378.2
-10724.0,-386.8
-10804.0,-404.6
-10749.0,-372.0
-10798.0,-403.8
-10774.0,-398.4
-10829.0,-407.8
-10774.0,-392.4
-10792.0,-391.2
-10786.0,-399.0
-10718.0,-368.2
-10552.0,-403.2
-10306.0,-362.8
-10188.0,-377.2
-9696.0,-363.6
-7047.0,-290.0
-4337.0,-240.6
-2994.0,-203.0
-2482.0,-183.0
-2162.0,-166.6
-2193.0,-173.8
-2643.0,-215.8
-2963.0,-227.2
-2846.0,-210.2
-2538.0,-192.2
-2193.0,-166.6
-1829.0,-143.6
-1460.0,-119.2
-1214.0,-109.0
-1047.0,-97.6
-3388.0,-116.0
-6751.0,-330.6
-9893.0,-376.0
-10139.0,-270.4
-9055.0,-218.2
-9240.0,-254.8
-9770.0,-268.4
-9942.0,-296.8
-10256.0,-320.6
-10577.0,-368.2
-10632.0,-359.0
-10595.0,-386.4
-10102.0,-355.6
-9566.0,-347.6
-9973.0,-369.4
-10004.0,-404.0
-9991.0,-358.6
-9905.0,-354.8
-9887.0,-358.2
-9616.0,-346.0
-9659.0,-345.4
-9714.0,-371.2
-9677.0,-345.2
-9677.0,-367.2
-9665.0,-336.4
-9677.0,-374.6
-9714.0,-348.8
-9757.0,-343.2
-9837.0,-360.8
-9856.0,-366.4
-9961.0,-363.6
-9924.0,-351.2
-9973.0,-380.2
-10053.0,-375.0
-10096.0,-376.8
-10071.0,-375.0
-10164.0,-388.8
-10201.0,-387.4
-10262.0,-392.4
-10238.0,-402.6
-10306.0,-393.2
-6782.0,-326.6
-3998.0,-264.4
-7084.0,-346.8
-8495.0,-472.6
-10318.0,-452.6
-9172.0,-305.0
-9911.0,-369.2
-9807.0,-345.6
-9646.0,-347.8
-5877.0,-245.6
-2778.0,-166.6
-1990.0,-145.2
-1737.0,-140.4
-1910.0,-159.8
-2704.0,-220.0
-3160.0,-228.0
-2871.0,-215.6
-2519.0,-186.2
-2168.0,-164.6
-1799.0,-145.2
-1417.0,-117.4
-1146.0,-101.0
-973.0,-90.6
-893.0,-85.6
-1226.0,-113.4
-1281.0,-105.6
-1084.0,-99.8
-899.0,-86.2
-795.0,-78.0
-733.0,-64.8
-721.0,-57.2
-721.0,-62.0
-727.0,-64.6
-721.0,-59.8
-2889.0,-68.4
-6449.0,-287.4
-8328.0,-254.8
-9382.0,-214.4
-8113.0,-166.8
-8568.0,-209.4
-9468.0,-250.4
-9074.0,-249.8
-9548.0,-286.4
-6671.0,-235.8
-4256.0,-205.0
-2655.0,-182.0
-2211.0,-166.4
-1928.0,-158.8
-2076.0,-168.2
-2563.0,-206.0
-2809.0,-216.2
-2704.0,-201.4
-2464.0,-181.4
-2230.0,-169.2
-2409.0,-156.0
-6061.0,-279.0
-9819.0,-453.6
-9924.0,-283.8
-9813.0,-262.8
-9776.0,-284.2
-9850.0,-289.6
-9991.0,-331.6
-10096.0,-343.0
-10164.0,-369.4
-10219.0,-369.8
-10238.0,-372.8
-10299.0,-400.4
-10361.0,-404.8
-10472.0,-427.4
-10410.0,-414.0
-10460.0,-410.6
-10712.0,-459.8
-10792.0,-452.8
-11057.0,-478.2
-11137.0,-467.0
-11112.0,-453.0
-11137.0,-484.4
-11156.0,-483.0
-11193.0,-480.0
-11211.0,-503.6
-11180.0,-465.0
-11205.0,-505.0
-11168.0,-475.6
-11186.0,-468.4
-11254.0,-505.0
-11186.0,-484.0
-11205.0,-478.2
-11230.0,-487.6
-11174.0,-472.8
-11199.0,-487.8
-11180.0,-469.6
-11168.0,-483.2
-11254.0,-494.2
-11273.0,-501.0
-11230.0,-496.4
-11199.0,-479.0
-11230.0,-489.0
-11223.0,-500.6
-11205.0,-459.6
-11254.0,-498.0
-11211.0,-470.0
-11180.0,-473.8
-11205.0,-497.0
-11156.0,-453.2
-11223.0,-486.0
-11180.0,-472.6
-11174.0,-464.2
-11168.0,-492.2
-11082.0,-442.8
-11069.0,-430.2
-11069.0,-469.2
-11020.0,-409.4
-11051.0,-451.2
-10977.0,-426.2
-10965.0,-407.4
-10989.0,-441.4
-10872.0,-411.2
-10885.0,-414.4
-10854.0,-408.0
-10848.0,-412.2
-10786.0,-389.6
-10835.0,-411.8
-10823.0,-407.2
-10811.0,-389.8
-10860.0,-430.8
-10878.0,-404.8
-10737.0,-429.4
-10675.0,-413.4
-10318.0,-414.0
-9856.0,-403.6
-9973.0,-401.2
-4731.0,-257.6
-1170.0,-106.6
-869.0,-75.6
-1602.0,-139.4
-1749.0,-145.4
-2532.0,-213.0
-2969.0,-226.0
-2895.0,-213.4
-2649.0,-196.6
-2433.0,-180.4
-2162.0,-164.4
-1589.0,-126.0
-1078.0,-96.4
-887.0,-81.0
-752.0,-70.0
-733.0,-63.8
-899.0,-86.6
-1072.0,-101.8
-949.0,-91.8
-887.0,-78.6
-739.0,-69.6
-721.0,-56.0
-1238.0,-47.8
-4170.0,-133.0
-9037.0,-389.4
-9665.0,-250.8
-9468.0,-222.0
-8803.0,-225.4
-9067.0,-233.6
-9585.0,-279.0
-9406.0,-269.6
-9609.0,-267.6
-9813.0,-325.6
-9936.0,-330.4
-9948.0,-336.4
-10034.0,-371.4
-10078.0,-351.8
-10170.0,-379.6
-10244.0,-381.8
-10287.0,-397.2
-10361.0,-411.8
-10386.0,-411.8
-10496.0,-423.0
-10780.0,-424.6
-10971.0,-447.6
-10977.0,-428.2
-11045.0,-470.6
-11045.0,-455.8
-11088.0,-449.0
-11119.0,-491.8
-11125.0,-454.8
-11168.0,-477.4
-11180.0,-490.6
-11156.0,-467.0
-11168.0,-466.0
-11137.0,-463.2
-11143.0,-463.6
-11186.0,-487.0
-11162.0,-453.8
-11156.0,-461.4
-11174.0,-499.6
-11156.0,-463.0
-11205.0,-499.0
-11156.0,-473.4
-11180.0,-462.8
-11174.0,-494.6
-11137.0,-471.8
-11137.0,-468.2
-11174.0,-476.4
-11143.0,-462.0
-11199.0,-484.4
-11137.0,-465.4
-11119.0,-456.8
-11149.0,-474.0
-11076.0,-449.6
-11112.0,-434.8
-11100.0,-465.8
-10995.0,-405.0
-11032.0,-447.8
-10995.0,-432.2
-10958.0,-411.2
-11020.0,-454.2
-11002.0,-422.4
-11014.0,-435.6
-11008.0,-432.6
-10977.0,-424.4
-10958.0,-421.6
-11002.0,-431.6
-10958.0,-427.2
-10940.0,-398.8
-10804.0,-452.0
-10195.0,-385.6
-10053.0,-420.4
-9831.0,-410.2
-10004.0,-392.4
-7053.0,-330.6
-5864.0,-318.2
-4990.0,-319.6
-4078.0,-270.6
-3345.0,-224.6
-2772.0,-208.6
-2575.0,-200.0
-3252.0,-248.0
-3548.0,-251.6
-3333.0,-236.6
-3006.0,-219.2
-2692.0,-197.6
-2378.0,-172.8
-2156.0,-168.6
-2039.0,-161.4
-1983.0,-159.6
-1916.0,-157.4
-1860.0,-150.4
-1762.0,-142.2
-1663.0,-136.8
-2489.0,-134.0
-2834.0,-162.0
-4521.0,-213.2
-7256.0,-344.4
-9172.0,-246.6
-9492.0,-221.8
-9375.0,-254.6
-9628.0,-279.2
-9653.0,-285.6
-9831.0,-283.4
-9998.0,-345.6
-10090.0,-344.0
-10213.0,-375.2
-10250.0,-370.8
-10293.0,-398.6
-10336.0,-387.4
-10435.0,-433.4
-10509.0,-419.6
-10694.0,-440.0
-10885.0,-445.4
-11014.0,-438.0
-11032.0,-443.0
-11076.0,-453.0
-11100.0,-467.0
-11125.0,-457.0
-11156.0,-473.2
-11112.0,-470.6
-11131.0,-470.8
-11156.0,-460.8
-11143.0,-469.4
-11193.0,-478.4
-11186.0,-481.6
-11100.0,-457.0
-10743.0,-465.2
-10731.0,-444.6
-10743.0,-447.2
-10330.0,-456.4
-10102.0,-437.6
-10786.0,-484.0
-11106.0,-477.0
-11051.0,-435.0
-11119.0,-467.6
-11076.0,-457.8
-11094.0,-455.6
-11131.0,-471.4
-11082.0,-448.2
-11100.0,-457.4
-11076.0,-443.2
-10817.0,-426.2
-10416.0,-461.2
-10392.0,-448.0
-10102.0,-442.8
-10047.0,-460.2
-10096.0,-425.0
-10213.0,-442.0
-10182.0,-419.4
-10256.0,-406.6
-10379.0,-462.6
-10811.0,-447.0
-11045.0,-452.4
-11069.0,-470.2
-11057.0,-457.4
-11119.0,-475.2
-11174.0,-472.4
-11168.0,-468.0
-11125.0,-451.8
-11137.0,-462.4
-11008.0,-458.0
-10509.0,-429.8
-10663.0,-456.6
-10564.0,-435.2
-10047.0,-416.2
-10022.0,-424.8
-10706.0,-430.2
-10885.0,-418.0
-10885.0,-433.4
-10965.0,-421.6
-11014.0,-446.4
-10965.0,-412.2
-10885.0,-419.2
-10860.0,-408.8
-10878.0,-412.2
-10891.0,-411.4
-10995.0,-430.2
-10971.0,-435.8
-11020.0,-432.4
-11020.0,-456.2
-10977.0,-419.2
-11008.0,-433.4
-11008.0,-435.4
-11032.0,-426.0
-11076.0,-457.6
-11014.0,-430.2
-11008.0,-436.0
-11026.0,-452.0
-11014.0,-434.8
-11045.0,-446.4
-11094.0,-450.8
-10971.0,-452.4
-10299.0,-400.2
-10318.0,-425.4
-9726.0,-418.0
-10041.0,-411.0
-9973.0,-433.0
-9862.0,-379.2
-9905.0,-397.8
-9911.0,-401.8
-7460.0,-342.6
-6104.0,-333.2
-4220.0,-271.6
-3450.0,-236.8
-2932.0,-212.4
-2686.0,-201.4
-3025.0,-239.8
-3406.0,-253.0
-2944.0,-232.0
-1977.0,-160.0
-3166.0,-156.6
-7102.0,-375.2
-9739.0,-469.0
-10188.0,-341.6
-9862.0,-247.8
-9542.0,-271.4
-9930.0,-327.8
-10004.0,-316.0
-10096.0,-359.0
-10213.0,-357.6
-10306.0,-400.4
-10306.0,-374.8
-10379.0,-409.8
-10447.0,-420.2
-10490.0,-430.8
-10496.0,-423.0
-10577.0,-456.4
-10490.0,-423.0
-10607.0,-447.4
-10657.0,-471.8
-10681.0,-437.6
-10971.0,-483.8
-11125.0,-488.2
-11162.0,-461.6
-11205.0,-496.6
-11199.0,-489.4
-11217.0,-474.6
-11285.0,-517.6
-11223.0,-486.8
-11310.0,-523.4
-11285.0,-509.2
-11291.0,-511.0
-11303.0,-505.2
-11236.0,-489.6
-11230.0,-493.2
-11230.0,-467.4
-11137.0,-470.0
-11119.0,-465.4
-11100.0,-447.6
-11106.0,-484.6
-11063.0,-436.6
-11106.0,-455.2
-11076.0,-465.6
-11045.0,-442.4
-11063.0,-452.4
-11063.0,-445.0
-11045.0,-448.2
-11082.0,-458.8
-11100.0,-452.0
-11045.0,-452.2
-11032.0,-441.4
-11045.0,-446.0
-11020.0,-424.0
-11076.0,-441.0
-11026.0,-445.2
-11026.0,-418.0
-11051.0,-454.0
-11008.0,-437.8
-11014.0,-420.0
-11014.0,-448.8
-11002.0,-410.6
-11014.0,-425.0
-11014.0,-428.4
-10989.0,-432.2
-10971.0,-412.2
-10989.0,-427.4
-10878.0,-426.0
-10940.0,-397.2
-10971.0,-434.2
-10872.0,-392.0
-10971.0,-430.4
-10946.0,-425.2
-10768.0,-402.2
-10299.0,-425.6
-10256.0,-407.6
-9800.0,-408.8
-10059.0,-419.4
-9961.0,-424.4
-8618.0,-352.8
-9061.0,-374.0
-7410.0,-337.2
-4127.0,-252.6
-3406.0,-241.0
-3043.0,-217.8
-2772.0,-211.0
-2827.0,-212.2
-3499.0,-279.0
-3850.0,-275.2
-3634.0,-267.0
-3265.0,-231.0
-2901.0,-213.4
-2310.0,-164.4
-1398.0,-105.4
-505.0,-75.6
-62.0,-75.6
-31.0,-78.8
-18.0,-78.8
-12.0,-66.8
-12.0,-86.8
-12.0,-86.8
-12.0,0.0
-6.0,0.0
-12.0,0.0
-6.0,0.0
-6.0,0.0
-561.0,-61.0
-795.0,-34.0
-1669.0,-41.2
-2076.0,-68.8
-2150.0,-42.8
-1965.0,-42.8
-1873.0,-40.8
-1879.0,-40.8
-407.0,-31.8
3148.0,143.8
4854.0,189.0
6388.0,142.6
3474.0,93.4
5513.0,26.0
7909.0,116.2
7287.0,85.4
7620.0,139.2
8173.0,159.4
7885.0,157.8
8439.0,198.2
8519.0,217.2
8901.0,248.6
6332.0,233.0
2187.0,78.4
961.0,73.4
942.0,88.0
1774.0,144.2
1663.0,137.6
1466.0,125.8
1435.0,124.0
1774.0,109.8
5408.0,225.6
8852.0,412.2
9560.0,214.6
8661.0,182.6
7835.0,151.0
7577.0,164.8
8045.0,205.0
8963.0,239.6
8864.0,225.2
8901.0,237.6
9191.0,269.0
9265.0,275.6
7343.0,248.2
1682.0,67.0
647.0,39.4
721.0,36.8
961.0,90.6
949.0,91.0
1053.0,102.4
936.0,90.0
801.0,77.6
-400.0,69.0
-5408.0,-191.0
-8673.0,-174.4
-7817.0,-104.8
-6523.0,-62.6
-7540.0,-127.0
-7552.0,-131.4
-7595.0,-152.2
-8427.0,-188.0
-3758.0,-126.4
-548.0,-79.6
-80.0,-79.6
-160.0,-38.2
-641.0,-24.4
-2224.0,-79.0
-6111.0,-291.2
-9265.0,-305.0
-8957.0,-165.6
-7109.0,-111.8
-7897.0,-139.0
-7694.0,-141.6
-7706.0,-157.4
-8396.0,-215.8
-8852.0,-242.8
-8889.0,-248.6
-9357.0,-273.8
-9431.0,-285.8
-9554.0,-298.4
-9653.0,-310.6
-9807.0,-351.8
-9856.0,-333.4
-9979.0,-375.0
-10034.0,-368.8
-10102.0,-394.0
-10152.0,-377.2
-10287.0,-419.8
-10324.0,-409.8
-10361.0,-429.2
-10355.0,-424.4
-10460.0,-439.2
-10435.0,-430.6
-10558.0,-440.6
-10595.0,-461.6
-10607.0,-447.8
-10663.0,-487.2
-10601.0,-469.2
-10632.0,-450.6
-10724.0,-486.4
-10743.0,-479.4
-10786.0,-468.0
-8013.0,-449.4
-5390.0,-352.0
-6813.0,-372.2
-10724.0,-556.6
-11550.0,-592.2
-11476.0,-506.4
-11230.0,-478.6
-11112.0,-451.0
-11063.0,-466.6
-11032.0,-427.2
-11057.0,-453.2
-11026.0,-443.0
-11002.0,-412.6
-11094.0,-470.2
-11039.0,-431.4
-11051.0,-431.6
-11051.0,-464.2
-11039.0,-429.6
-11076.0,-459.0
-10724.0,-441.0
-10496.0,-436.0
-10496.0,-449.4
-10053.0,-410.8
-10010.0,-424.0
-10090.0,-429.6
-10115.0,-421.8
-10182.0,-404.6
-10281.0,-429.4
-10330.0,-431.4
-10342.0,-412.4
-10435.0,-457.6
-10416.0,-422.4
-10453.0,-420.8
-10583.0,-460.2
-10570.0,-433.8
-10521.0,-446.0
-10601.0,-457.8
-10620.0,-439.8
-10638.0,-453.6
-10706.0,-466.4
-10743.0,-477.6
-10774.0,-478.0
-10749.0,-466.2
-10749.0,-474.8
-9154.0,-432.2
-5581.0,-363.6
-5840.0,-312.4
-10244.0,-505.2
-11581.0,-598.6
-11507.0,-493.2
-11162.0,-453.8
-11069.0,-459.6
-11217.0,-491.8
-11186.0,-473.6
-11143.0,-460.0
-11143.0,-461.4
-11131.0,-460.2
-11143.0,-458.2
-11149.0,-440.8
-11125.0,-457.6
-11149.0,-457.6
-11119.0,-468.6
-11137.0,-473.6
-11100.0,-447.2
-11088.0,-453.8
-11094.0,-446.8
-11082.0,-445.6
-10995.0,-411.8
-11020.0,-427.0
-10989.0,-429.4
-10971.0,-412.8
-11026.0,-459.2
-10971.0,-410.6
-11026.0,-440.6
-10989.0,-424.4
-10965.0,-409.2
-11014.0,-434.6
-10983.0,-421.6
-10971.0,-419.4
-10995.0,-434.4
-11008.0,-431.0
-10946.0,-412.6
-10977.0,-411.6
-11008.0,-432.0
-10971.0,-414.6
-10798.0,-444.8
-10496.0,-412.2
-10336.0,-424.0
-9911.0,-392.6
-9936.0,-402.0
-9887.0,-402.8
-9850.0,-374.8
-9874.0,-398.6
-9819.0,-359.6
-9948.0,-401.4
-10071.0,-413.4
-8624.0,-397.6
-4441.0,-262.6
-3591.0,-250.6
-3197.0,-227.6
-3092.0,-236.0
-3505.0,-263.6
-3647.0,-262.6
-3554.0,-261.2
-3289.0,-246.0
-2932.0,-215.0
-2673.0,-196.6
-2267.0,-165.2
-1602.0,-118.0
-936.0,-71.4
-591.0,-43.0
-314.0,-28.6
-708.0,-34.4
-807.0,-78.0
-733.0,-69.2
-715.0,-53.2
-431.0,-41.0
-62.0,-30.8
12.0,-26.4
-12.0,-26.4
-6.0,-25.2
1047.0,-16.8
4731.0,177.2
6055.0,100.0
7398.0,126.0
7909.0,186.2
7626.0,141.6
7380.0,133.8
7885.0,183.0
8421.0,220.0
8846.0,226.0
8907.0,230.4
8815.0,234.8
9265.0,271.8
9400.0,286.4
9548.0,311.0
9628.0,318.6
9763.0,341.4
7318.0,290.8
2698.0,175.2
2137.0,161.8
1873.0,149.8
1682.0,140.8
2907.0,246.0
-573.0,150.4
-5636.0,0.0
-7158.0,-59.6
-5606.0,-59.6
-6018.0,-61.4
-6388.0,-21.8
-7527.0,-101.2
-7583.0,-107.8
-7977.0,-112.4
-7423.0,-136.0
-8131.0,-244.0
-9135.0,-253.0
-9197.0,-240.0
-9289.0,-278.6
-9517.0,-281.0
-9603.0,-312.4
-9671.0,-315.0
-9800.0,-336.4
-9961.0,-362.0
-9985.0,-355.4
-10010.0,-375.2
-10010.0,-346.2
-10096.0,-385.2
-10170.0,-384.8
-10201.0,-376.6
-10232.0,-383.0
-10299.0,-395.0
-10318.0,-411.4
-10342.0,-396.6
-10404.0,-436.8
-10367.0,-405.4
-10435.0,-426.0
-10460.0,-425.0
-10472.0,-430.4
-10503.0,-430.4
-10607.0,-459.4
-10496.0,-434.4
-10607.0,-456.4
-10632.0,-467.0
-10644.0,-434.4
-10737.0,-479.0
-10706.0,-463.6
-10706.0,-447.8
-10768.0,-479.8
-10743.0,-478.6
-10743.0,-454.2
-10774.0,-497.4
-10755.0,-465.2
-10811.0,-497.2
-10792.0,-486.2
-10792.0,-477.4
-10835.0,-500.6
-10848.0,-485.6
-10823.0,-487.2
-10841.0,-479.0
-10786.0,-486.8
-10811.0,-496.0
-10823.0,-475.0
-10860.0,-522.2
-9246.0,-471.8
-8402.0,-460.8
-3567.0,-355.4
2082.0,-101.0
6357.0,-22.8
5187.0,0.0
6086.0,0.0
6363.0,0.0
6055.0,6.2
6308.0,14.0
6308.0,14.0
6369.0,21.4
7367.0,110.0
8082.0,183.2
8778.0,217.2
8020.0,192.0
9000.0,262.8
9160.0,253.6
9166.0,247.6
9265.0,290.2
9505.0,315.4
9622.0,326.4
9757.0,336.8
9819.0,350.4
9874.0,355.8
10016.0,380.4
10115.0,388.4
10201.0,400.4
10232.0,415.2
10244.0,408.2
10306.0,415.4
8575.0,405.6
4755.0,289.6
3887.0,270.6
3511.0,258.2
3222.0,235.8
1404.0,242.2
-3523.0,108.2
-6308.0,0.0
-7102.0,-57.8
-6591.0,-39.8
-6351.0,-39.8
-6215.0,-39.8
-6677.0,-25.0
-7201.0,-91.0
-7306.0,-96.6
-7712.0,-139.6
-7780.0,-163.2
-8205.0,-177.0
-8963.0,-236.4
-9289.0,-253.8
-9431.0,-259.8
-9628.0,-283.2
-9690.0,-303.4
-9813.0,-327.4
-9868.0,-331.4
-9917.0,-350.4
-9979.0,-354.6
-10047.0,-388.4
-10084.0,-381.6
-10090.0,-396.4
-10176.0,-383.6
-10213.0,-428.2
-10201.0,-394.8
-10287.0,-457.6
-10312.0,-423.0
-10373.0,-448.4
-10361.0,-444.4
-10373.0,-441.0
-10386.0,-442.8
-10367.0,-440.0
-10423.0,-458.2
-10429.0,-463.4
-10423.0,-463.8
-10460.0,-477.8
-10478.0,-477.6
-10496.0,-456.2
-10509.0,-483.2
-10503.0,-480.4
-10484.0,-467.8
-10484.0,-478.2
-10515.0,-464.8
-10478.0,-454.6
-10521.0,-478.4
-10496.0,-448.8
-10460.0,-463.8
-10533.0,-463.8
-10515.0,-465.2
-10583.0,-470.6
-10607.0,-455.4
-10614.0,-476.6
-10601.0,-469.2
-10601.0,-459.8
-10484.0,-454.8
-10521.0,-459.8
-10564.0,-438.8
-10589.0,-474.0
-10620.0,-452.0
-10620.0,-458.0
-10577.0,-464.8
-10570.0,-451.8
-10583.0,-463.4
-10589.0,-453.0
-10577.0,-461.2
-10583.0,-461.0
-10601.0,-460.2
-10496.0,-456.2
-10564.0,-468.4
-10577.0,-457.4
-10601.0,-465.8
-10663.0,-472.8
-10663.0,-471.2
-10620.0,-462.2
-10620.0,-464.8
-10583.0,-465.2
-10620.0,-469.4
-10626.0,-468.4
-10589.0,-457.2
-10675.0,-484.8
-10595.0,-484.2
-10533.0,-475.6
-10589.0,-468.8
-10595.0,-481.2
-10626.0,-475.2
-10650.0,-480.2
-10614.0,-478.2
-10614.0,-485.0
-10607.0,-462.2
-10614.0,-493.0
-10657.0,-478.6
-10675.0,-494.2
-10657.0,-482.4
-10650.0,-466.4
-10644.0,-478.8
-10607.0,-478.6
-10614.0,-446.8
-10657.0,-489.8
-10607.0,-455.2
-10601.0,-453.6
-10632.0,-496.4
-10577.0,-460.4
-10626.0,-473.4
-10601.0,-470.2
-10601.0,-464.6
-10644.0,-486.8
-10632.0,-462.6
-10632.0,-469.4
-10657.0,-487.0
-10614.0,-447.8
-10638.0,-494.6
-9998.0,-461.6
-4953.0,-345.4
1423.0,-83.6
2735.0,24.4
4909.0,0.0
6357.0,0.0
6074.0,-6.4
6117.0,-6.4
6043.0,0.0
6985.0,79.4
7571.0,122.0
7090.0,116.8
7626.0,161.6
8057.0,176.2
8008.0,176.8
7934.0,200.8
9012.0,249.8
8975.0,238.0
8895.0,251.6
9462.0,288.8
9511.0,273.4
9579.0,296.2
9659.0,318.8
9757.0,315.2
9825.0,339.2
9911.0,346.2
10016.0,364.4
10053.0,359.8
10115.0,381.8
10176.0,385.4
10201.0,386.0
10262.0,392.6
10299.0,406.2
10262.0,399.4
10349.0,404.4
10330.0,404.0
10306.0,391.6
10256.0,382.4
10330.0,407.8
10361.0,413.4
10386.0,411.8
10423.0,425.2
10435.0,399.8
10386.0,403.6
10355.0,404.0
10404.0,423.8
10453.0,425.4
10466.0,413.8
10496.0,429.6
10570.0,422.6
10490.0,421.2
10466.0,423.8
10503.0,435.6
10570.0,444.8
10533.0,420.4
10564.0,425.8
10589.0,447.2
10577.0,427.0
10466.0,410.0
10515.0,428.0
10601.0,447.6
10601.0,432.2
10595.0,452.6
10626.0,429.2
10626.0,441.2
10607.0,439.8
10589.0,436.2
10607.0,440.2
10601.0,449.4
10632.0,462.0
10632.0,447.2
10620.0,437.0
10614.0,437.0
10626.0,448.6
10620.0,446.6
10601.0,439.4
10669.0,459.8
10650.0,451.8
10638.0,441.4
10614.0,439.0
10632.0,450.0
10644.0,443.8
10657.0,455.4
10681.0,446.4
10669.0,447.4
10657.0,446.6
10675.0,462.4
10675.0,481.4
10675.0,462.8
10737.0,482.8
10706.0,458.8
10663.0,451.8
10669.0,470.6
10681.0,464.6
10663.0,451.4
10706.0,473.4
10718.0,466.2
10675.0,445.8
10607.0,436.0
10614.0,452.0
10675.0,449.4
10644.0,448.0
10657.0,466.4
10669.0,440.0
10657.0,434.6
10626.0,440.0
10650.0,450.8
9086.0,431.2
5809.0,342.0
2846.0,287.8
-1263.0,89.0
-3203.0,89.0
-7176.0,-57.6
-5334.0,-62.2
-7047.0,-33.0
-5981.0,-33.0
-6098.0,-44.4
-6647.0,-40.8
-7152.0,-106.4
-6603.0,-96.0
-7842.0,-152.4
-7959.0,-152.6
-8439.0,-174.0
-8476.0,-197.8
-8334.0,-189.8
-8753.0,-207.6
-9012.0,-255.6
-9049.0,-246.0
-9357.0,-255.8
-9455.0,-282.0
-9554.0,-272.8
-9628.0,-303.6
-9757.0,-323.0
-9745.0,-321.0
-9831.0,-338.4
-9862.0,-330.0
-9942.0,-359.8
-9973.0,-349.2
-10016.0,-369.2
-10065.0,-367.2
-10108.0,-388.8
-10108.0,-373.0
-10121.0,-394.8
-10256.0,-369.2
-10318.0,-392.2
-10737.0,-385.4
-10749.0,-407.4
-10349.0,-401.6
-9856.0,-407.2
-9967.0,-400.8
-10102.0,-400.0
-9985.0,-397.4
-9998.0,-400.0
-9948.0,-390.6
-9893.0,-373.2
-9942.0,-421.4
-9887.0,-387.0
-9184.0,-378.4
-8106.0,-368.8
-4521.0,-281.6
-3591.0,-244.0
-3006.0,-213.8
-2790.0,-209.2
-3000.0,-234.6
-3474.0,-258.4
-3462.0,-254.6
-3222.0,-231.8
-1891.0,-196.0
2365.0,-73.4
7392.0,90.6
7078.0,60.4
6739.0,44.4
6252.0,44.4
6252.0,38.2
7102.0,74.8
7811.0,115.8
8260.0,146.4
8260.0,150.6
8636.0,192.8
4971.0,126.2
6813.0,197.4
6961.0,246.6
3554.0,62.0
6659.0,312.0
8685.0,294.4
9184.0,254.6
9221.0,253.2
9111.0,207.6
8482.0,184.2
6271.0,204.0
5901.0,177.2
6388.0,254.0
1620.0,91.4
684.0,41.2
394.0,28.6
641.0,30.0
-487.0,68.4
-4503.0,0.0
-7059.0,-51.8
-6603.0,-28.0
-6394.0,-19.6
-7571.0,-130.2
-7866.0,-130.4
-7786.0,-149.8
-8310.0,-191.2
-8815.0,-229.6
-8821.0,-227.6
-9178.0,-254.4
-9382.0,-270.4
-9437.0,-296.8
-9412.0,-289.0
-9548.0,-334.8
-9523.0,-338.4
-9468.0,-303.6
-9511.0,-323.2
-9690.0,-338.8
-9856.0,-353.0
-9382.0,-290.6
-9394.0,-268.2
-9400.0,-286.6
-9665.0,-346.0
-9954.0,-393.8
-9887.0,-311.0
-9813.0,-347.8
-9905.0,-340.8
-9985.0,-374.4
-10016.0,-352.4
-10164.0,-399.0
-10115.0,-379.4
-10225.0,-404.2
-10287.0,-401.6
-10312.0,-414.2
-10336.0,-403.0
-10392.0,-438.4
-10355.0,-424.0
-10416.0,-420.6
-10460.0,-441.8
-10460.0,-416.6
-10509.0,-448.2
-10484.0,-423.0
-10503.0,-444.6
-10570.0,-456.4
-10570.0,-436.8
-10577.0,-457.8
-10632.0,-444.0
-10626.0,-448.4
-10589.0,-448.0
-10614.0,-445.6
-10657.0,-461.4
-10663.0,-448.6
-10724.0,-481.8
-10694.0,-460.2
-10718.0,-468.6
-10706.0,-474.4
-10694.0,-454.8
-10737.0,-470.4
-10731.0,-477.4
-10694.0,-441.4
-10706.0,-470.2
-10657.0,-452.2
-10669.0,-443.0
-9178.0,-452.8
-5390.0,-334.2
-2273.0,-283.0
4133.0,-28.0
6942.0,70.0
7022.0,56.0
5994.0,56.0
6271.0,47.0
6222.0,45.0
6320.0,45.0
6289.0,29.2
6326.0,7.0
7133.0,79.2
7281.0,123.4
7595.0,133.4
7780.0,142.2
7835.0,154.8
7922.0,182.4
8507.0,222.8
9123.0,229.2
9351.0,265.2
9505.0,276.2
9591.0,285.4
9745.0,298.0
9776.0,308.8
9837.0,331.0
9905.0,340.8
9924.0,343.6
10022.0,387.6
10084.0,382.2
10164.0,388.6
10201.0,402.0
10244.0,399.6
10250.0,404.2
10293.0,417.0
10361.0,439.6
10355.0,419.8
10392.0,421.6
10404.0,436.4
10416.0,423.2
10392.0,418.8
8143.0,384.6
3431.0,222.0
1010.0,185.8
-2871.0,110.6
-4614.0,110.6
-7373.0,-97.0
-7423.0,-85.2
-5963.0,-56.0
-4805.0,-56.0
-6727.0,-36.2
-6098.0,-33.6
-7651.0,-114.4
-7410.0,-110.4
-8550.0,-174.6
-9092.0,-215.6
-9086.0,-216.0
-9480.0,-235.6
-9554.0,-265.8
-9880.0,-271.0
-9985.0,-282.0
-10312.0,-308.4
-10250.0,-307.4
-10398.0,-319.4
-10460.0,-319.4
-10546.0,-340.0
-10595.0,-355.0
-10484.0,-320.4
-10564.0,-340.4
-10595.0,-342.0
-10601.0,-361.8
-10601.0,-340.0
-10626.0,-361.4
-10644.0,-348.8
-10663.0,-368.6
-10650.0,-335.4
-10644.0,-366.4
-10583.0,-359.6
-10164.0,-360.2
-10053.0,-350.6
-9862.0,-376.8
-9634.0,-350.2
-9702.0,-349.0
-9788.0,-371.2
-9702.0,-339.6
-9763.0,-359.4
-9905.0,-359.0
-8291.0,-357.8
-6684.0,-307.8
-4774.0,-265.2
-3801.0,-235.8
-2901.0,-205.8
-2556.0,-188.8
-2963.0,-240.0
-3419.0,-249.2
-3567.0,-230.0
-3634.0,-233.2
-3098.0,-219.2
-5938.0,-276.4
-9671.0,-448.0
-10342.0,-339.2
-10195.0,-303.6
-9837.0,-265.2
-9751.0,-300.2
-9899.0,-306.4
-9985.0,-345.4
-10010.0,-352.4
-10071.0,-349.2
-10182.0,-376.0
-10213.0,-373.6
-10262.0,-388.0
-10281.0,-387.8
-10392.0,-432.8
-10416.0,-425.4
-10496.0,-435.8
-10490.0,-442.4
-10503.0,-424.8
-10558.0,-448.4
-10484.0,-424.4
-10607.0,-429.6
-10663.0,-471.8
-10650.0,-451.4
-10650.0,-456.2
-10718.0,-494.0
-10743.0,-468.6
-10737.0,-472.0
-10786.0,-499.8
-10798.0,-488.4
-10798.0,-488.6
-10817.0,-478.8
-11002.0,-491.6
-11156.0,-507.4
-11217.0,-467.6
-11260.0,-516.2
-11260.0,-508.6
-11242.0,-496.2
-11303.0,-502.8
-11254.0,-501.0
-11266.0,-491.0
-11279.0,-496.0
-11205.0,-469.4
-11205.0,-484.2
-11149.0,-460.2
-11119.0,-446.8
-11168.0,-458.2
-11125.0,-461.4
-11112.0,-440.0
-11026.0,-429.6
-11039.0,-441.4
-11032.0,-435.2
-11020.0,-431.6
-11014.0,-423.2
-11039.0,-433.2
-10965.0,-416.4
-10989.0,-417.0
-11008.0,-440.6
-11008.0,-419.0
-11026.0,-445.0
-11002.0,-421.6
-11020.0,-436.0
-10989.0,-408.6
-11014.0,-416.8
-10965.0,-423.0
-10885.0,-406.6
-10965.0,-431.4
-10885.0,-394.0
-10952.0,-424.6
-10638.0,-413.2
-10293.0,-398.8
-10041.0,-400.8
-9862.0,-385.6
-9893.0,-394.0
-9874.0,-366.6
-9844.0,-377.2
-9831.0,-370.8
-9942.0,-383.2
-10034.0,-375.6
-10053.0,-392.6
-10090.0,-366.0
-10188.0,-412.4
-10195.0,-377.4
-10256.0,-409.8
-10238.0,-384.6
-10269.0,-404.0
-10256.0,-390.8
-10287.0,-389.0
-10306.0,-394.0
-10379.0,-408.6
-10367.0,-397.6
-10416.0,-423.8
-10386.0,-404.6
-10435.0,-420.6
-10484.0,-441.4
-10509.0,-422.2
-10607.0,-458.0
-10626.0,-456.2
-10626.0,-447.8
-10614.0,-466.8
-10626.0,-436.6
-10626.0,-441.2
-10663.0,-467.0
-10823.0,-457.0
-11032.0,-468.2
-11193.0,-484.8
-11193.0,-478.8
-11211.0,-494.0
-11186.0,-468.8
-11186.0,-468.8
-11205.0,-496.4
-11156.0,-451.4
-11174.0,-479.2
-11143.0,-482.0
-11137.0,-442.2
-11174.0,-501.6
-11156.0,-471.2
-11205.0,-475.6
-11205.0,-492.0
-11143.0,-458.6
-11137.0,-465.4
-11119.0,-462.4
-11119.0,-441.0
-11112.0,-467.6
-10700.0,-407.8
-10490.0,-434.4
-10447.0,-451.4
-10028.0,-413.6
-9985.0,-425.6
-10090.0,-399.2
-10078.0,-412.2
-10084.0,-391.0
-10207.0,-421.6
-10232.0,-405.8
-10312.0,-403.4
-10324.0,-423.4
-10355.0,-401.4
-10392.0,-416.4
-10441.0,-423.0
-10478.0,-436.8
-10490.0,-428.2
-10570.0,-459.4
-10564.0,-442.4
-10601.0,-424.4
-10657.0,-464.4
-10644.0,-425.2
-10687.0,-461.4
-10718.0,-477.6
-10706.0,-449.6
-10774.0,-493.4
-10792.0,-480.2
-10817.0,-478.6
-10804.0,-489.0
-10761.0,-462.0
-10811.0,-476.0
-10780.0,-475.4
-10755.0,-474.6
-11131.0,-467.6
-11174.0,-481.2
-11174.0,-495.8
-11156.0,-456.6
-11180.0,-474.8
-11199.0,-486.6
-11162.0,-455.6
-11168.0,-480.6
-11100.0,-461.0
-11112.0,-451.2
-11100.0,-464.4
-11082.0,-433.8
-11112.0,-463.2
-11076.0,-427.0
-11076.0,-426.8
-11057.0,-452.2
-11020.0,-420.0
-11039.0,-443.4
-11020.0,-422.6
-10995.0,-419.8
-10940.0,-413.0
-10971.0,-410.6
-10897.0,-418.2
-10952.0,-394.2
-10983.0,-431.6
-10644.0,-397.2
-10577.0,-422.8
-10379.0,-393.4
-9930.0,-401.8
-9880.0,-387.8
-9948.0,-389.6
-9880.0,-376.6
-9862.0,-373.4
-9887.0,-365.6
-9979.0,-365.0
-10004.0,-374.4
-10034.0,-349.2
-10084.0,-384.2
-10441.0,-367.8
-10755.0,-394.2
-10866.0,-406.6
-10841.0,-398.6
-10848.0,-384.8
-10854.0,-420.4
-10854.0,-402.2
-10854.0,-403.0
-10878.0,-400.6
-10946.0,-422.0
-10848.0,-394.4
-10971.0,-431.2
-10761.0,-404.6
-10373.0,-382.8
-10577.0,-436.0
-10287.0,-395.6
-9899.0,-399.4
-10047.0,-387.8
-10115.0,-402.8
-10053.0,-371.2
-10577.0,-419.8
-10804.0,-421.2
-10940.0,-425.0
-10878.0,-400.4
-10995.0,-439.2
-11020.0,-437.2
-11008.0,-425.8
-11045.0,-453.4
-11008.0,-429.0
-11020.0,-425.2
-10423.0,-410.6
-10423.0,-382.8
-10379.0,-415.4
-9973.0,-375.4
-9979.0,-403.4
-10108.0,-401.0
-10115.0,-392.2
-10102.0,-386.8
-10250.0,-404.6
-10299.0,-399.6
-10632.0,-427.8
-10798.0,-407.6
-10958.0,-421.4
-10897.0,-419.6
-10983.0,-415.2
-11008.0,-450.2
-10989.0,-407.6
-11057.0,-450.6
-11039.0,-423.0
-10854.0,-414.8
-10435.0,-431.4
-10515.0,-433.4
-10312.0,-433.2
-10121.0,-435.2
-10269.0,-431.6
-10201.0,-398.8
-10213.0,-407.6
-10256.0,-419.8
-10306.0,-398.2
-10441.0,-463.6
-10490.0,-421.4
-10496.0,-444.4
-10453.0,-421.0
-10484.0,-420.0
-10515.0,-445.2
-10570.0,-440.6
-10632.0,-454.4
-10675.0,-451.0
-10669.0,-457.0
-10620.0,-446.0
-10638.0,-458.4
-11112.0,-491.2
-11149.0,-452.6
-11180.0,-467.4
-11149.0,-470.4
-11112.0,-429.0
-11131.0,-467.8
-11057.0,-460.4
-11076.0,-433.8
-11112.0,-472.2
-10983.0,-424.2
3271.0,-55.6
3394.0,0.0
7453.0,0.0
4854.0,0.0
6480.0,0.0
6098.0,0.0
6080.0,-9.2
6178.0,0.0
6265.0,0.0
6351.0,43.0
7811.0,137.0
8057.0,134.6
8063.0,154.4
8593.0,196.2
8803.0,218.2
8963.0,223.4
9037.0,227.8
9141.0,260.4
9536.0,287.6
9640.0,299.6
9757.0,303.2
9757.0,321.4
9899.0,330.0
9948.0,348.2
9954.0,345.2
9998.0,364.0
10059.0,372.4
10108.0,383.8
10176.0,400.0
10176.0,386.6
10256.0,422.2
10256.0,401.2
10293.0,408.8
10299.0,406.8
10367.0,425.4
10453.0,444.6
10460.0,447.6
10490.0,446.4
10490.0,440.4
7891.0,354.6
5612.0,331.8
4497.0,303.4
3979.0,272.0
3665.0,266.4
-1669.0,127.0
-6443.0,-36.4
-7367.0,-92.8
-8242.0,-131.8
-8230.0,-155.4
-8384.0,-159.6
-7811.0,-123.2
-8223.0,-154.4
-8341.0,-164.4
-8162.0,-128.2
-8013.0,-138.4
-8291.0,-161.6
-8630.0,-198.2
-9160.0,-237.2
-9178.0,-256.2
-9591.0,-272.4
-9597.0,-278.4
-9807.0,-311.0
-9893.0,-330.2
-9967.0,-339.8
-10490.0,-360.6
-10614.0,-354.6
-10663.0,-379.0
-10706.0,-362.0
-10342.0,-382.6
-9474.0,-348.0
-10034.0,-376.0
-9948.0,-359.6
-9917.0,-366.6
-9850.0,-323.6
-9831.0,-336.6
-9622.0,-318.0
-9628.0,-328.2
-9634.0,-340.6
-9597.0,-307.2
-9646.0,-338.8
-9529.0,-300.0
-9603.0,-321.8
-9554.0,-288.8
-4250.0,-192.4
-2211.0,-148.2
-1595.0,-118.6
-1115.0,-98.4
-1029.0,-95.8
-1275.0,-114.6
-3425.0,-170.2
-8531.0,-396.8
-9536.0,-220.6
-8384.0,-90.2
-7170.0,-140.2
-8692.0,-193.8
-8119.0,-157.8
-8581.0,-197.2
-9135.0,-259.8
-9351.0,-255.6
-9462.0,-271.2
-5088.0,-170.4
-5390.0,-255.2
-5230.0,-246.6
-3456.0,-217.8
-2667.0,-186.4
-2285.0,-172.0
-2082.0,-156.6
-1842.0,-147.4
-1799.0,-145.6
-2125.0,-178.4
-2415.0,-190.0
-2298.0,-177.6
-2057.0,-160.2
-1780.0,-140.2
-1521.0,-126.4
-1324.0,-112.0
-1096.0,-99.2
-899.0,-87.2
-4330.0,-170.8
-8008.0,-386.8
-9905.0,-253.6
-9757.0,-240.2
-8950.0,-204.2
-9573.0,-277.6
-9794.0,-250.2
-9702.0,-277.4
-9954.0,-305.2
-10022.0,-327.6
-10059.0,-334.4
-5636.0,-237.8
-4189.0,-257.4
-3234.0,-230.8
-2797.0,-200.6
-2476.0,-184.0
-2606.0,-214.4
-3228.0,-259.8
-3758.0,-275.8
-3573.0,-255.4
-3203.0,-231.2
-2784.0,-202.0
-2230.0,-173.0
-1799.0,-139.4
-1417.0,-124.4
-1269.0,-108.6
-1583.0,-128.2
-4953.0,-220.6
-9511.0,-459.0
-10269.0,-295.2
-9825.0,-232.0
-9560.0,-265.2
-9837.0,-260.6
-9677.0,-270.2
-9893.0,-293.8
-9998.0,-317.8
-10102.0,-347.0
-10195.0,-331.4
-10250.0,-360.8
-10355.0,-386.4
-10318.0,-393.0
-10379.0,-395.8
-10453.0,-428.4
-10453.0,-410.2
-10589.0,-448.4
-10614.0,-441.4
-10638.0,-447.4
-8501.0,-392.0
-4916.0,-327.6
-2144.0,-199.0
-2144.0,-185.4
-3086.0,-241.4
-3462.0,-265.0
-3875.0,-295.2
-4096.0,-288.4
-3893.0,-282.8
-3185.0,-229.6
-6955.0,-325.6
-10213.0,-463.2
-10423.0,-346.4
-10361.0,-361.0
-10145.0,-294.0
-10059.0,-317.6
-10158.0,-319.4
-10164.0,-347.6
-10299.0,-371.6
-10293.0,-370.4
-10379.0,-389.0
-10416.0,-407.4
-10429.0,-393.8
-10466.0,-418.0
-10521.0,-420.0
-10570.0,-440.2
-10601.0,-431.8
-10595.0,-459.2
-10589.0,-445.0
-10632.0,-443.2
-10675.0,-470.4
-10724.0,-453.2
-10786.0,-488.2
-10774.0,-472.8
-10768.0,-455.8
-10798.0,-496.8
-10761.0,-468.4
-10786.0,-464.6
-10848.0,-512.0
-10786.0,-460.2
-10841.0,-477.2
-10835.0,-484.6
-10792.0,-474.4
-10860.0,-500.0
-10860.0,-488.2
-10866.0,-498.0
-10878.0,-481.6
-10866.0,-480.2
-10841.0,-485.0
-10872.0,-487.2
-10866.0,-493.2
-10891.0,-480.4
-10878.0,-481.4
-10909.0,-527.0
-10891.0,-487.4
-9184.0,-460.8
-7293.0,-445.0
-6098.0,-381.0
-3967.0,-295.4
-2563.0,-202.0
-3049.0,-238.6
-3973.0,-321.2
-4916.0,-356.4
-4848.0,-330.0
-4404.0,-312.0
-4090.0,-285.4
-3665.0,-254.8
-3320.0,-244.6
-3000.0,-221.8
-2723.0,-203.6
-2384.0,-181.8
-2162.0,-170.6
-2273.0,-179.2
-2415.0,-186.4
-2285.0,-178.4
-2014.0,-157.0
-1651.0,-130.4
-1337.0,-110.4
-1078.0,-96.4
-924.0,-90.0
-813.0,-76.4
-727.0,-63.6
-721.0,-56.0
-536.0,-38.6
-339.0,-32.2
-142.0,-22.2
18.0,-22.2
-0.0,-22.2
-6.0,-21.8
-6.0,-17.8
-0.0,-17.8
-12.0,-23.0
-12.0,0.0
-6.0,0.0
-12.0,0.0
-0.0,0.0
-12.0,0.0
-0.0,0.0
-3918.0,-71.8
-6628.0,-138.4
-9012.0,-168.2
-7306.0,-88.0
-7842.0,-134.0
-8100.0,-149.8
-8667.0,-190.8
-8642.0,-214.4
-9566.0,-251.8
-9560.0,-261.6
-9665.0,-280.4
-9856.0,-278.6
-9917.0,-324.2
-10084.0,-359.0
-10108.0,-346.2
-10460.0,-385.8
-10687.0,-374.0
-10798.0,-401.8
-10829.0,-409.4
-10958.0,-426.6
-10989.0,-446.8
-11032.0,-422.2
-11082.0,-467.8
-11057.0,-435.8
-11094.0,-431.8
-11143.0,-482.6
-11137.0,-455.0
-11162.0,-474.4
-11156.0,-464.0
-11205.0,-469.2
-11168.0,-477.4
-11156.0,-463.8
-11156.0,-459.2
-11168.0,-482.4
-11156.0,-443.6
-11199.0,-487.4
-11174.0,-461.6
-11156.0,-446.8
-11032.0,-482.2
-10540.0,-432.6
-10601.0,-454.2
-10336.0,-447.4
-9954.0,-424.4
-10096.0,-415.8
-10102.0,-419.8
-10071.0,-401.4
-10090.0,-385.8
-10275.0,-449.0
-10312.0,-419.8
-10386.0,-435.4
-7885.0,-351.8
-5606.0,-326.4
-4152.0,-277.6
-3560.0,-246.2
-3228.0,-234.6
-3456.0,-258.2
-4361.0,-334.2
-4540.0,-321.8
-4244.0,-301.8
-3955.0,-280.4
-3585.0,-257.0
-3049.0,-219.2
-2599.0,-191.8
-2316.0,-182.4
-2193.0,-175.0
-2421.0,-185.4
-2680.0,-213.0
-2599.0,-196.6
-2285.0,-174.8
-2014.0,-153.6
-1694.0,-133.0
-1398.0,-116.6
-1195.0,-107.4
-1016.0,-97.0
-967.0,-90.4
-961.0,-92.0
-912.0,-87.4
-850.0,-80.6
-739.0,-67.4
-715.0,-58.6
-554.0,-44.2
-259.0,-36.6
-172.0,-23.2
-37.0,-23.2
-12.0,-23.2
-12.0,-22.6
-12.0,-18.0
-6.0,-18.0
-351.0,-26.6
-382.0,-7.4
-5205.0,-176.2
-2920.0,-170.2
1534.0,0.0
8051.0,335.4
9271.0,227.2
9696.0,354.8
9351.0,232.0
8581.0,169.2
8242.0,170.8
8304.0,181.0
8833.0,237.6
9197.0,265.2
9221.0,248.2
9209.0,260.2
9369.0,273.0
9351.0,284.6
9382.0,273.2
9517.0,307.0
9640.0,312.6
9665.0,322.0
5630.0,229.8
2045.0,131.4
4558.0,178.4
8833.0,429.8
10447.0,517.2
9985.0,313.6
9585.0,311.4
9819.0,379.6
9917.0,356.0
9887.0,355.8
9616.0,340.0
9591.0,330.2
9616.0,332.4
9659.0,355.8
9708.0,341.4
9788.0,368.0
9825.0,352.2
9862.0,344.6
9887.0,350.0
9942.0,350.2
7084.0,276.0
5051.0,270.4
3031.0,202.2
-782.0,126.6
-3918.0,-125.6
-5987.0,-100.8
-6443.0,-26.4
-6222.0,-17.0
-6117.0,-17.0
-6973.0,-59.4
-7380.0,-118.4
-8304.0,-157.6
-8556.0,-190.2
-8803.0,-212.8
-9363.0,-255.0
-9726.0,-259.0
-9671.0,-303.6
-10256.0,-302.0
-10453.0,-336.0
-10595.0,-347.4
-10632.0,-348.6
-10694.0,-376.2
-10718.0,-382.8
-10774.0,-381.8
-10774.0,-397.4
-10860.0,-418.6
-10878.0,-416.4
-10952.0,-399.4
-10952.0,-428.2
-10891.0,-401.2
-10989.0,-439.2
-10965.0,-421.8
-10995.0,-429.2
-10952.0,-415.8
-10995.0,-420.6
-10804.0,-408.6
-10460.0,-399.6
-10373.0,-410.8
-10034.0,-376.4
-9831.0,-392.0
-9899.0,-385.8
-7201.0,-306.0
-4860.0,-274.8
-3493.0,-232.4
-2932.0,-207.8
-2575.0,-192.8
-2304.0,-176.4
-2372.0,-188.0
-3055.0,-240.4
-3179.0,-232.2
-2797.0,-205.2
-2390.0,-179.4
-2113.0,-163.8
-1805.0,-140.4
-1411.0,-114.8
-1109.0,-99.8
-924.0,-89.8
-906.0,-87.4
-1214.0,-111.8
-1349.0,-117.6
-1214.0,-105.6
-998.0,-94.8
-838.0,-80.6
-727.0,-64.0
-708.0,-49.8
-542.0,-42.2
-388.0,-30.0
-283.0,-24.2
-302.0,-20.4
-203.0,-19.6
-2421.0,-15.4
-6634.0,-260.0
-9609.0,-228.6
-8236.0,-203.4
-9123.0,-169.2
-8550.0,-163.8
-9147.0,-165.4
-9092.0,-233.8
-9437.0,-219.2
-9573.0,-249.4
-9862.0,-275.2
-10158.0,-302.0
-10090.0,-299.2
-10435.0,-339.2
-10533.0,-326.2
-10601.0,-354.4
-10663.0,-342.4
-10706.0,-378.6
-10743.0,-363.0
-10774.0,-384.4
-10804.0,-377.4
-10823.0,-411.8
-10817.0,-367.6
-10841.0,-397.6
-10817.0,-389.6
-10804.0,-382.8
-10817.0,-373.2
-10811.0,-394.0
-10774.0,-363.6
-10761.0,-383.0
-10761.0,-363.2
-10780.0,-388.4
-10774.0,-372.0
-10811.0,-387.6
-10761.0,-359.2
-10761.0,-380.8
-10706.0,-349.0
-10749.0,-381.8
-10718.0,-355.2
-10712.0,-356.2
-10700.0,-360.6
-10718.0,-368.8
-10681.0,-342.6
-10737.0,-366.8
-10731.0,-357.8
-10749.0,-368.2
-10755.0,-356.6
-10780.0,-387.2
-10792.0,-371.4
-10780.0,-388.0
-10823.0,-369.8
-10811.0,-400.6
-10798.0,-359.4
-10835.0,-407.8
-10841.0,-387.8
-10848.0,-394.4
-10817.0,-378.2
-10885.0,-420.4
-10860.0,-380.4
-10946.0,-401.2
-10885.0,-401.4
-10872.0,-393.0
-10860.0,-398.6
-10860.0,-391.2
-10817.0,-390.8
-10829.0,-370.6
-10872.0,-403.2
-10848.0,-386.0
-10860.0,-404.2
-10841.0,-384.8
-10657.0,-411.6
-10453.0,-371.4
-10232.0,-381.0
-9782.0,-352.2
-9930.0,-367.4
-9782.0,-328.2
-9807.0,-364.0
-9653.0,-312.4
-9665.0,-324.2
-9794.0,-322.6
-9887.0,-351.2
-9911.0,-340.0
-9893.0,-330.0
-9985.0,-363.4
-10022.0,-349.0
-7250.0,-298.0
-7380.0,-346.6
-7675.0,-364.6
-7367.0,-351.8
-7287.0,-350.0
-7373.0,-350.4
-7109.0,-361.6
-6332.0,-325.2
-4891.0,-275.0
-4066.0,-251.0
-4417.0,-241.8
-6443.0,-317.2
-8833.0,-425.8
-10675.0,-413.2
-10336.0,-346.2
-10250.0,-350.4
-10349.0,-360.6
-10336.0,-383.0
-10367.0,-378.4
-10441.0,-393.8
-10687.0,-406.0
-10848.0,-430.0
-10965.0,-400.8
-11032.0,-456.0
-11002.0,-414.4
-11076.0,-437.8
-11106.0,-476.0
-11094.0,-436.0
-11137.0,-474.4
-11137.0,-463.2
-11125.0,-448.4
-11100.0,-453.8
-11088.0,-439.4
-11088.0,-440.0
-11100.0,-444.6
-11100.0,-434.8
-11076.0,-438.2
-11106.0,-440.8
-11094.0,-450.6
-11076.0,-433.8
-11106.0,-450.8
-11057.0,-448.8
-11014.0,-414.4
-11063.0,-454.8
-10995.0,-409.2
-10743.0,-416.4
-10367.0,-416.2
-10460.0,-402.6
-10016.0,-406.8
-9924.0,-385.0
-10047.0,-391.6
-10016.0,-391.4
-8093.0,-335.4
-7453.0,-336.4
-7392.0,-365.2
-5051.0,-287.6
-3031.0,-200.8
-2563.0,-188.4
-2445.0,-195.0
-2846.0,-222.8
-3345.0,-258.0
-3628.0,-271.6
-3487.0,-266.2
-3228.0,-222.2
-2895.0,-218.2
-2563.0,-187.6
-2298.0,-171.4
-1873.0,-144.4
-1343.0,-111.4
-1053.0,-98.0
-1004.0,-93.0
-1127.0,-108.6
-1300.0,-115.8
-1133.0,-98.8
-967.0,-91.2
-819.0,-76.6
-727.0,-62.4
-671.0,-47.6
-450.0,-37.6
-296.0,-26.2
-154.0,-22.2
-105.0,-22.2
-12.0,-25.4
-12.0,-25.4
-12.0,-22.2
-6.0,-28.2
-0.0,-28.2
-12.0,-43.0
-6.0,0.0
-6.0,0.0
-6.0,0.0
-6.0,0.0
-0.0,0.0
-6.0,0.0
-12.0,0.0
-6.0,0.0
-0.0,0.0
-1170.0,0.0
-3333.0,-86.6
-5168.0,-199.0
-5562.0,-89.8
-5304.0,-117.4
-1940.0,-21.4
1269.0,14.6
2027.0,94.4
4946.0,123.8
8353.0,173.8
9123.0,308.8
9221.0,208.6
8957.0,161.4
7761.0,128.2
8421.0,194.2
8790.0,197.2
8815.0,216.0
8741.0,205.0
8975.0,231.0
8987.0,238.0
9252.0,261.8
9419.0,271.6
9554.0,301.6
5353.0,197.6
2119.0,107.8
4971.0,187.8
8667.0,431.4
10287.0,509.2
9800.0,309.6
9763.0,313.0
9573.0,339.0
9924.0,364.6
9770.0,334.4
9554.0,324.2
9646.0,330.8
9628.0,320.8
9671.0,349.0
9690.0,350.2
9800.0,352.6
9831.0,355.0
9887.0,343.8
9979.0,357.0
10028.0,370.0
10059.0,370.8
10102.0,375.4
10108.0,371.2
10182.0,366.2
10188.0,360.0
10269.0,386.6
10256.0,364.6
10232.0,361.6
10145.0,339.2
10170.0,348.2
6881.0,252.8
3961.0,210.8
-419.0,94.8
-2224.0,0.0
-2581.0,0.0
-4121.0,-12.8
-5168.0,-41.0
-4675.0,-41.0
-4916.0,-27.4
-8088.0,-145.8
-7263.0,-83.6
-7823.0,-88.0
-7694.0,-127.8
-8476.0,-163.4
-8464.0,-169.8
-8753.0,-181.2
-8944.0,-193.8
-8944.0,-197.0
-9271.0,-216.2
-8963.0,-226.0
-9172.0,-235.8
-9406.0,-271.2
-9394.0,-262.6
-9382.0,-262.8
-9437.0,-265.8
-9425.0,-265.8
-9529.0,-297.6
-9499.0,-284.4
-9499.0,-302.6
-9634.0,-314.2
-9579.0,-293.6
-9671.0,-334.4
-9690.0,-316.4
-9714.0,-325.8
-9831.0,-338.2
-9837.0,-348.4
-9819.0,-334.0
-9837.0,-339.6
-9924.0,-366.2
-9936.0,-353.4
-9985.0,-366.0
-10016.0,-362.0
-10065.0,-378.8
-6135.0,-270.2
-3413.0,-222.0
-2760.0,-193.4
-2211.0,-178.6
-2082.0,-164.2
-2433.0,-188.8
-3018.0,-232.8
-2920.0,-219.4
721.0,-118.6
6135.0,202.0
8445.0,125.6
7484.0,59.8
6283.0,59.8
7299.0,90.2
7872.0,122.2
7688.0,130.6
7848.0,142.0
7872.0,158.8
8304.0,186.2
8710.0,201.8
8950.0,230.8
8821.0,217.2
9012.0,252.4
9480.0,265.0
9573.0,283.8
9708.0,313.2
9714.0,297.2
6579.0,235.4
3567.0,185.6
2304.0,165.6
1860.0,144.4
1632.0,131.6
2002.0,165.4
2384.0,192.6
2285.0,177.2
2070.0,160.6
1712.0,138.0
86.0,109.2
-4078.0,-48.0
-8113.0,-268.0
-8544.0,-94.4
-8069.0,-68.0
-6764.0,-43.8
-2889.0,-114.2
345.0,49.4
536.0,40.6
123.0,34.8
-253.0,10.0
-530.0,-28.2
-2088.0,-36.4
-7460.0,-319.4
-9030.0,-150.8
-6412.0,-81.8
-6431.0,-57.6
-8069.0,-179.0
-7447.0,-113.8
-7256.0,-138.0
-8223.0,-226.0
-9228.0,-235.4
-9400.0,-260.8
-9492.0,-257.0
-9579.0,-293.6
-9708.0,-319.2
-9807.0,-316.8
-9905.0,-341.4
-9991.0,-342.4
-10022.0,-363.2
-10084.0,-349.8
-10096.0,-371.8
-10256.0,-390.0
-10281.0,-390.6
-10306.0,-381.0
-10367.0,-419.4
-10361.0,-398.4
-10416.0,-423.4
-10472.0,-425.4
-10509.0,-423.8
-10515.0,-419.0
-10589.0,-433.6
-10515.0,-426.2
-10570.0,-425.0
-10632.0,-468.0
-10620.0,-437.2
-10712.0,-475.2
-8809.0,-401.0
-8008.0,-399.2
-7182.0,-394.4
-6055.0,-378.2
-5137.0,-353.4
-4651.0,-312.6
-4275.0,-307.4
-3893.0,-274.8
-3677.0,-280.2
-3696.0,-276.6
-4183.0,-309.0
-4213.0,-306.4
-3979.0,-279.8
-3671.0,-267.2
-3296.0,-236.8
-3000.0,-220.4
-2710.0,-199.4
-2452.0,-187.8
-2144.0,-163.4
-1848.0,-149.6
-1712.0,-141.4
-1374.0,-135.2
-961.0,-93.0
-1786.0,-94.8
-2174.0,-116.0
-2205.0,-129.2
-2193.0,-119.8
-2193.0,-115.4
-2113.0,-108.8
-1891.0,-94.2
-2039.0,-58.6
-2827.0,-63.8
-3234.0,-85.4
-4928.0,-91.4
-5950.0,-124.0
-8858.0,-208.6
-8501.0,-146.6
-8519.0,-186.4
-8254.0,-182.6
-5408.0,-133.0
-6332.0,-186.0
-4115.0,-184.0
-2809.0,-152.6
-2144.0,-145.6
-1478.0,-119.8
-2328.0,-104.2
-6801.0,-294.4
-9597.0,-362.4
-9757.0,-311.2
-9449.0,-223.4
-9375.0,-243.4
-9197.0,-206.6
-8889.0,-234.2
-9363.0,-236.8
-9394.0,-248.8
-9406.0,-273.2
-9443.0,-256.8
-9492.0,-278.2
-9462.0,-271.0
-9499.0,-287.0
-9517.0,-276.8
-9523.0,-278.0
-9579.0,-288.8
-9597.0,-290.2
-5932.0,-185.4
-4004.0,-201.4
-2027.0,-136.0
-1454.0,-116.8
-1041.0,-92.0
-819.0,-73.4
-2218.0,-71.0
-7583.0,-322.8
-9800.0,-335.2
-9345.0,-205.8
-8605.0,-113.8
-7983.0,-165.0
-8377.0,-176.8
-8747.0,-200.2
-8969.0,-244.6
-9388.0,-249.4
-9209.0,-242.8
-9542.0,-282.2
-9603.0,-297.4
-9653.0,-298.2
-9794.0,-321.6
-9868.0,-326.4
-9954.0,-349.6
-10004.0,-337.8
-10016.0,-351.6
-10158.0,-380.6
-10201.0,-379.8
-10281.0,-390.0
-10306.0,-401.4
-10312.0,-378.6
-10349.0,-410.2
-10361.0,-399.0
-10398.0,-415.0
-10404.0,-409.0
-10472.0,-444.6
-10441.0,-404.8
-10478.0,-410.0
-10564.0,-449.4
-10583.0,-435.2
-10607.0,-451.4
-10638.0,-457.4
-10681.0,-459.2
-8421.0,-385.0
-9683.0,-459.4
-7035.0,-374.2
-4829.0,-319.0
-4164.0,-290.2
-3838.0,-274.0
-3616.0,-256.6
-3413.0,-255.4
-3345.0,-239.2
-3191.0,-225.8
-3166.0,-245.6
-3333.0,-249.8
-3283.0,-229.2
-3012.0,-229.6
-2797.0,-202.8
-2556.0,-193.4
-2261.0,-175.8
-2039.0,-157.4
-1817.0,-147.4
-1608.0,-130.6
-1374.0,-114.2
-1133.0,-109.0
-986.0,-96.4
-844.0,-78.6
-733.0,-63.6
-684.0,-52.2
-524.0,-37.0
-357.0,-28.8
-86.0,-22.4
-18.0,-22.4
-12.0,-22.4
-6.0,-19.0
-6.0,-18.4
-0.0,-18.4
-6.0,-12.6
-6.0,0.0
-12.0,0.0
-6.0,0.0
-6.0,0.0
-12.0,0.0
-6.0,0.0
-6.0,0.0
-0.0,0.0
-6.0,0.0
-6.0,0.0
-6.0,0.0
-0.0,0.0
-0.0,0.0
-6.0,0.0
-6.0,0.0
-6.0,0.0
6.0,0.0
-0.0,0.0
-0.0,0.0
-6.0,0.0
-0.0,0.0
-6.0,0.0
-6.0,0.0
-6.0,0.0
-6.0,0.0
-6.0,0.0
-0.0,0.0
-0.0,0.0
-6.0,0.0
-6.0,0.0
-6.0,0.0
-6.0,0.0
-0.0,0.0
-0.0,0.0
-0.0,0.0
-6.0,0.0
-6.0,0.0
-6.0,0.0
-6.0,0.0
-6.0,0.0
-0.0,0.0
-6.0,0.0
-0.0,0.0
-6.0,0.0
-6.0,0.0
-6.0,0.0
-12.0,0.0
-6.0,0.0
-6.0,0.0
-0.0,0.0
-6.0,0.0
-0.0,0.0
-0.0,0.0
-6.0,0.0
-6.0,0.0
-6.0,0.0
-6.0,0.0
-0.0,0.0
-0.0,0.0
-0.0,0.0
-0.0,0.0
-6.0,0.0
