volt,velo,accel,dt
0.0,0.0,0.0,31.0
-6.0,0.0,0.0,19201.0
-6.0,0.0,0.0,19998.0
0.0,0.0,0.0,19999.0
0.0,0.0,0.0,20000.0
0.0,0.0,0.0,20000.0
0.0,0.0,0.0,19998.0
0.0,0.0,0.0,20000.0
-6.0,0.0,0.0,20000.0
0.0,0.0,0.0,19999.0
0.0,0.0,0.0,20000.0
0.0,0.0,0.0,19998.0
0.0,0.0,0.0,20002.0
-12.0,0.0,0.0,19996.0
-6.0,0.0,0.0,19999.0
0.0,0.0,0.0,20000.0
0.0,0.0,0.0,19999.0
-6.0,0.0,0.0,20001.0
0.0,0.0,0.0,19997.0
6.0,0.0,0.0,19998.0
0.0,0.0,0.0,20000.0
0.0,0.0,0.0,19999.0
0.0,0.0,0.0,20002.0
0.0,0.0,0.0,19996.0
-6.0,0.0,0.0,19999.0
-6.0,0.0,0.0,19999.0
0.0,0.0,0.0,19999.0
0.0,0.0,0.0,19999.0
-6.0,0.0,0.0,19999.0
-6.0,0.0,0.0,19999.0
0.0,0.0,0.0,19999.0
-6.0,0.0,0.0,19999.0
0.0,0.0,0.0,20000.0
0.0,0.0,0.0,19998.0
-6.0,0.0,0.0,19999.0
0.0,0.0,0.0,20000.0
0.0,0.0,0.0,19998.0
0.0,0.0,0.0,20000.0
0.0,0.0,0.0,19999.0
0.0,0.0,0.0,19999.0
-12.0,0.0,0.0,20000.0
-6.0,0.0,0.0,19999.0
6.0,0.0,0.0,20000.0
0.0,0.0,0.0,19999.0
-6.0,0.0,0.0,19999.0
0.0,0.0,0.0,20059.0
0.0,0.0,0.0,19939.0
0.0,0.0,0.0,19999.0
-6.0,0.0,0.0,19999.0
0.0,0.0,0.0,19999.0
0.0,0.0,0.0,20058.0
0.0,0.0,0.0,19940.0
-6.0,0.0,0.0,19999.0
0.0,0.0,0.0,19999.0
0.0,0.0,0.0,19999.0
0.0,0.0,0.0,20964.0
0.0,0.0,0.0,19998.0
0.0,0.0,0.0,19999.0
0.0,0.0,0.0,20000.0
0.0,0.0,0.0,20014.0
906.0,0.0,0.0,19996.0
4084.0,23.6,1180.5903,19990.0
8365.0,227.8,11384.877,20009.0
5649.0,134.4,6723.3613,19990.0
4029.0,0.0,0.0,19999.0
7897.0,207.2,10360.0,20000.0
9191.0,213.4,10670.533,19999.0
7490.0,105.8,5290.5293,19998.0
8390.0,204.0,10200.0,20000.0
9289.0,279.0,13951.3955,19998.0
9123.0,268.6,13430.0,20000.0
9585.0,309.8,15490.774,19999.0
9813.0,324.0,16200.81,19999.0
9837.0,310.6,15530.776,19999.0
10004.0,370.0,18500.926,19999.0
10115.0,367.6,18380.92,19999.0
10195.0,379.4,18970.95,19999.0
10281.0,387.6,19380.0,20000.0
10386.0,415.8,20792.078,19998.0
10441.0,425.0,21251.062,19999.0
10521.0,438.2,21903.43,20006.0
7287.0,367.2,18370.104,19989.0
4410.0,268.4,13420.671,19999.0
3665.0,253.4,12670.633,19999.0
3345.0,239.2,11952.828,20012.0
-474.0,158.2,7910.3955,19999.0
-4367.0,113.4,5672.8364,19990.0
-5587.0,113.4,5670.2837,19999.0
-5532.0,115.2,5760.288,19999.0
-5624.0,95.4,4770.239,19999.0
-5642.0,95.4,4770.239,19999.0
-5630.0,127.0,6350.0,20000.0
-5809.0,-13.4,-670.067,19998.0
-7989.0,-201.6,-10080.504,19999.0
-7860.0,-129.4,-6470.323,19999.0
-7466.0,-159.2,-7960.0,20000.0
-8310.0,-212.4,-10620.53,19999.0
-9160.0,-248.8,-12441.244,19998.0
-9074.0,-244.8,-12240.612,19999.0
-9474.0,-295.4,-14770.738,19999.0
-9628.0,-286.2,-14310.716,19999.0
-9646.0,-317.6,-15879.206,20001.0
-9874.0,-317.8,-15891.589,19998.0
-9954.0,-334.0,-16700.0,20000.0
-9961.0,-338.0,-16900.846,19999.0
-10071.0,-365.4,-18270.914,19999.0
-10207.0,-400.8,-20042.004,19998.0
-10244.0,-396.2,-19810.0,20000.0
-10299.0,-410.2,-20501.8,20008.0
-8562.0,-376.8,-18842.826,19997.0
-5679.0,-297.8,-14898.193,19989.0
-3838.0,-245.0,-12250.612,19999.0
-2790.0,-189.0,-9450.0,20000.0
-2439.0,-183.6,-9180.0,20000.0
-3197.0,-261.4,-13062.162,20012.0
-1774.0,-275.6,-13781.379,19998.0
4263.0,-30.6,-1530.7654,19990.0
5599.0,17.4,870.087,19998.0
5538.0,17.4,870.0,20000.0
6024.0,11.8,590.02954,19999.0
5981.0,5.8,290.0145,19999.0
6831.0,114.6,5730.5728,19998.0
8045.0,163.8,8190.0,20000.0
7903.0,137.6,6880.344,19999.0
8341.0,195.0,9750.487,19999.0
8987.0,256.0,12800.64,19999.0
9511.0,270.0,13500.675,19999.0
9209.0,284.0,14197.16,20004.0
9862.0,315.4,15770.788,19999.0
10392.0,338.4,16925.078,19994.0
10669.0,378.0,18900.0,20000.0
10798.0,387.2,19361.938,19998.0
10860.0,396.4,19815.047,20005.0
10749.0,406.0,20302.03,19998.0
10657.0,420.4,21026.307,19994.0
10570.0,434.4,21720.0,20000.0
10090.0,424.2,21212.121,19998.0
10484.0,459.6,22980.0,20000.0
10373.0,433.8,21691.084,19999.0
10379.0,419.0,20952.096,19998.0
10336.0,415.4,20770.0,20000.0
10213.0,409.4,20471.023,19999.0
10201.0,418.8,20940.0,20000.0
10188.0,425.8,21292.129,19998.0
10102.0,394.0,19700.984,19999.0
10078.0,409.0,20451.023,19999.0
10078.0,395.2,19760.988,19999.0
10115.0,413.8,20681.727,20008.0
8661.0,390.6,19530.977,19999.0
6955.0,342.4,17120.855,19999.0
3302.0,196.2,9810.0,20000.0
5642.0,265.2,13266.634,19990.0
9517.0,466.2,23311.166,19999.0
10804.0,537.4,26870.002,20000.0
10466.0,473.2,23662.367,19998.0
9887.0,298.2,14910.001,20000.0
9782.0,345.6,17281.729,19998.0
9961.0,338.2,16910.846,19999.0
9837.0,337.6,16880.844,19999.0
9905.0,370.8,18540.926,19999.0
9973.0,355.0,17750.0,20000.0
10016.0,377.8,18891.889,19998.0
9991.0,382.2,19110.957,19999.0
10059.0,403.4,20171.008,19999.0
10053.0,390.4,19520.0,20000.0
10108.0,408.8,20442.043,19998.0
10232.0,413.8,20690.0,20000.0
10275.0,423.6,21175.766,20004.0
8445.0,393.4,19670.982,19999.0
4460.0,247.8,12391.239,19998.0
1521.0,205.4,10272.567,19995.0
-5279.0,-45.6,-2279.658,20003.0
-4195.0,-45.6,-2280.684,19994.0
-2723.0,71.4,3570.0,20000.0
-7127.0,20.4,1020.102,19998.0
-5261.0,20.4,1019.796,20004.0
-5495.0,12.4,620.155,19995.0
-5298.0,12.4,619.876,20004.0
-6456.0,-86.2,-4309.784,20001.0
-7065.0,-145.6,-7282.5493,19993.0
-7768.0,-154.4,-7720.3857,19999.0
-8883.0,-185.0,-9250.463,19999.0
-8729.0,-215.0,-10750.0,20000.0
-8864.0,-215.2,-10760.538,19999.0
-9178.0,-264.8,-13241.323,19998.0
-8969.0,-235.0,-11750.588,19999.0
-9782.0,-270.0,-13500.0,20000.0
-10188.0,-320.2,-16011.602,19998.0
-10416.0,-335.0,-16745.814,20005.0
-10355.0,-344.4,-17221.723,19998.0
-10232.0,-348.4,-17416.516,20004.0
-7552.0,-297.0,-14857.429,19990.0
-8519.0,-350.4,-17515.621,20005.0
-7232.0,-356.4,-17828.914,19990.0
-4410.0,-260.8,-13040.651,19999.0
-2316.0,-147.4,-7370.368,19999.0
-1146.0,-95.2,-4760.238,19999.0
-1331.0,-124.2,-6210.3105,19999.0
-2563.0,-223.4,-11163.859,20011.0
665.0,-170.0,-8500.0,20000.0
4990.0,-120.2,-6010.601,19998.0
2328.0,0.0,0.0,19990.0
4380.0,-22.4,-1120.056,19999.0
7755.0,36.8,1840.0919,19999.0
6505.0,53.4,2670.1335,19999.0
6757.0,80.4,4020.2012,19999.0
8365.0,184.4,9220.461,19999.0
8088.0,160.6,8030.0005,20000.0
8236.0,185.6,9280.929,19998.0
8568.0,260.0,13000.0,20000.0
9394.0,285.0,14251.425,19998.0
9455.0,271.4,13570.679,19999.0
9585.0,304.6,15230.0,20000.0
9720.0,336.8,16840.842,19999.0
9825.0,329.4,16470.822,19999.0
9967.0,374.8,18740.936,19999.0
10053.0,382.0,19101.91,19998.0
10096.0,384.8,19240.0,20000.0
10225.0,405.4,20271.014,19999.0
10293.0,421.0,21051.053,19999.0
10349.0,436.2,21811.092,19999.0
10361.0,429.2,21461.074,19999.0
10447.0,428.6,21431.072,19999.0
10490.0,439.2,21961.1,19999.0
10503.0,434.6,21731.086,19999.0
10638.0,451.0,22540.984,20008.0
9462.0,447.0,22361.18,19990.0
9659.0,447.6,22371.053,20008.0
8032.0,427.8,21391.068,19999.0
2328.0,247.2,12360.0,20000.0
-3616.0,-61.2,-3061.5308,19990.0
-6468.0,-70.8,-3540.3542,19998.0
-5969.0,-70.8,-3540.1772,19999.0
-5569.0,-63.4,-3170.1587,19999.0
-5679.0,-60.6,-3030.0,20000.0
-5655.0,-60.6,-3030.303,19998.0
-5642.0,-39.6,-1980.0989,19999.0
-5698.0,0.0,0.0,20000.0
-6400.0,-48.8,-2440.244,19998.0
-7706.0,-159.8,-7990.4,19999.0
-8445.0,-266.4,-13320.666,19999.0
-9154.0,-222.4,-11120.556,19999.0
-7866.0,-169.6,-8480.0,20000.0
-8421.0,-238.6,-11930.597,19999.0
-9394.0,-266.6,-13331.333,19998.0
-9141.0,-248.6,-12430.0,20000.0
-9388.0,-297.0,-14850.742,19999.0
-9708.0,-330.4,-16520.826,19999.0
-9819.0,-326.2,-16310.816,19999.0
-9856.0,-334.0,-16701.67,19998.0
-9985.0,-364.4,-18220.0,20000.0
-10078.0,-387.2,-19360.969,19999.0
-10182.0,-389.8,-19490.975,19999.0
-10244.0,-412.4,-20621.031,19999.0
-10324.0,-411.2,-20561.03,19999.0
-10379.0,-412.8,-20640.0,20000.0
-10410.0,-422.4,-21121.057,19999.0
-10496.0,-453.8,-22690.0,20000.0
-10595.0,-445.6,-22281.115,19999.0
-10638.0,-473.0,-23651.182,19999.0
-10657.0,-465.4,-23264.184,20005.0
-9338.0,-417.6,-20887.31,19993.0
-7232.0,-358.2,-17906.42,20004.0
-6493.0,-366.8,-18344.586,19995.0
-4743.0,-298.4,-14914.034,20008.0
-1072.0,-273.6,-13683.421,19995.0
7133.0,133.4,6672.0015,19994.0
5014.0,-21.4,-1070.0535,19999.0
6382.0,-13.0,-650.03253,19999.0
6104.0,-13.0,-650.03253,19999.0
6104.0,-8.8,-440.0,20000.0
6098.0,-8.8,-440.044,19998.0
6068.0,0.0,0.0,19999.0
6209.0,14.6,730.0365,19999.0
7435.0,141.8,7090.3545,19999.0
8827.0,231.0,11550.0,20000.0
9283.0,234.6,11731.174,19998.0
9585.0,269.8,13490.674,19999.0
9739.0,296.2,14810.001,20000.0
9948.0,323.6,16181.618,19998.0
10164.0,375.2,18759.062,20001.0
10225.0,365.6,18281.828,19998.0
10312.0,408.6,20430.0,20000.0
10379.0,428.0,21400.0,20000.0
10460.0,465.0,23252.326,19998.0
10484.0,464.4,23220.0,20000.0
10533.0,476.6,23830.0,20000.0
10607.0,500.2,25010.0,20000.0
10657.0,512.4,25621.283,19999.0
10620.0,495.2,24761.238,19999.0
10626.0,491.0,24551.229,19999.0
10638.0,519.4,25971.299,19999.0
10669.0,529.2,26449.42,20008.0
10768.0,525.8,26293.943,19997.0
7503.0,398.4,19929.965,19990.0
3838.0,199.6,9980.0,20000.0
1509.0,95.8,4790.2397,19999.0
142.0,69.6,3480.1738,19999.0
-129.0,0.0,0.0,19999.0
-265.0,-16.4,-820.04095,19999.0
-745.0,-58.6,-2930.1465,19999.0
-1423.0,-130.2,-6510.325,19999.0
-1768.0,-145.4,-7270.3633,19999.0
-1768.0,-140.4,-7020.3506,19999.0
-1595.0,-128.6,-6430.322,19999.0
-1140.0,-100.8,-5040.252,19999.0
-788.0,-69.0,-3450.1726,19999.0
-419.0,-33.8,-1690.0,20000.0
-18.0,-33.8,-1690.169,19998.0
25.0,-33.8,-1688.9866,20012.0
678.0,-32.4,-1620.081,19999.0
3345.0,66.0,3301.651,19990.0
8464.0,337.8,16890.844,19999.0
8833.0,143.8,7190.719,19998.0
6597.0,59.8,2990.0,20000.0
7614.0,146.6,7327.0693,20008.0
5458.0,148.8,7443.722,19990.0
3659.0,17.0,849.74506,20006.0
4725.0,172.8,8644.755,19989.0
-524.0,-77.4,-3870.1936,19999.0
-961.0,-91.2,-4560.228,19999.0
-801.0,-78.2,-3910.3909,19998.0
-487.0,-52.0,-2598.441,20012.0
-1244.0,-27.8,-1390.0695,19999.0
-5686.0,-210.4,-10525.263,19990.0
-9049.0,-404.6,-20231.012,19999.0
-9776.0,-285.2,-14261.427,19998.0
-6838.0,-86.4,-4318.057,20009.0
-4694.0,-32.6,-1630.326,19996.0
-2686.0,-89.0,-4449.3325,20003.0
702.0,-45.2,-2260.113,19999.0
5649.0,205.8,10295.663,19989.0
8895.0,256.6,12830.642,19999.0
6351.0,89.2,4460.2227,19999.0
5236.0,21.6,1080.0,20000.0
7022.0,105.6,5280.264,19999.0
7577.0,149.6,7480.7485,19998.0
7780.0,119.0,5950.0,20000.0
7792.0,139.0,6950.3477,19999.0
8408.0,222.8,11070.258,20126.0
8858.0,239.0,12026.973,19872.0
9209.0,265.0,13251.325,19998.0
9369.0,244.8,12240.0,20000.0
9123.0,265.8,13291.328,19998.0
9492.0,276.8,13840.691,19999.0
9517.0,272.8,13639.999,20000.0
9585.0,298.6,14931.493,19998.0
9523.0,271.6,13580.0,20000.0
9129.0,175.8,8790.439,19999.0
8421.0,179.6,8980.449,19999.0
8039.0,115.6,5780.0,20000.0
7989.0,143.2,7160.716,19998.0
6640.0,107.0,5350.0,20000.0
5907.0,107.0,5347.861,20008.0
4552.0,113.8,5691.138,19996.0
2064.0,0.0,0.0,20002.0
-1552.0,-101.2,-5062.784,19989.0
-5599.0,-262.0,-13100.0,20000.0
-9807.0,-439.2,-21961.1,19999.0
-9277.0,-190.0,-9500.475,19999.0
-5513.0,-79.8,-3990.0002,20000.0
-7263.0,-130.4,-6520.3257,19999.0
-8568.0,-223.2,-11160.558,19999.0
-8242.0,-149.0,-7450.3726,19999.0
-8297.0,-188.8,-9440.473,19999.0
-9049.0,-258.0,-12900.6455,19999.0
-9221.0,-259.4,-12970.648,19999.0
-9265.0,-263.6,-13180.659,19999.0
-9455.0,-298.4,-14920.0,20000.0
-9591.0,-307.0,-15351.535,19998.0
-9763.0,-337.6,-16880.0,20000.0
-9844.0,-346.0,-17301.73,19998.0
-9874.0,-327.0,-16350.0,20000.0
-9954.0,-365.8,-18290.914,19999.0
-10059.0,-389.0,-19451.945,19998.0
-10078.0,-362.2,-18110.0,20000.0
-10213.0,-407.8,-20391.02,19999.0
-10324.0,-424.4,-21221.06,19999.0
-10349.0,-420.4,-21021.05,19999.0
-10410.0,-439.4,-21971.098,19999.0
-10435.0,-436.6,-21686.867,20132.0
-10472.0,-439.8,-22138.326,19866.0
-10509.0,-438.0,-21901.096,19999.0
-10601.0,-461.2,-23060.0,20000.0
-10626.0,-454.6,-22732.273,19998.0
-10731.0,-480.4,-22790.455,21079.0
-8963.0,-407.8,-20393.059,19997.0
1133.0,-177.0,-8850.442,19999.0
3831.0,35.4,1770.9741,19989.0
7725.0,98.4,4920.492,19998.0
5624.0,36.6,1830.0914,19999.0
6462.0,19.6,979.90204,20002.0
6024.0,19.6,980.049,19999.0
6258.0,15.8,790.07904,19998.0
6086.0,15.8,790.0395,19999.0
6295.0,11.0,549.9725,20001.0
6277.0,10.0,499.975,20001.0
8039.0,157.0,7850.3926,19999.0
8310.0,165.6,8280.828,19998.0
8581.0,190.8,9541.432,19997.0
9061.0,231.6,11575.948,20007.0
4872.0,122.6,6130.0,20000.0
2107.0,100.4,5022.7627,19989.0
973.0,78.0,3900.195,19999.0
795.0,70.2,3510.3508,19998.0
973.0,91.4,4567.488,20011.0
3191.0,187.8,9388.592,20003.0
8106.0,410.6,20534.107,19996.0
10373.0,525.8,26305.783,19988.0
10195.0,398.8,19940.0,20000.0
9419.0,187.4,9368.126,20004.0
3049.0,88.4,4419.558,20002.0
1250.0,70.8,3541.4167,19992.0
542.0,39.2,1960.2941,19997.0
142.0,32.2,1610.0,20000.0
807.0,22.4,1120.056,19999.0
2242.0,189.6,9479.053,20002.0
2452.0,193.6,9680.484,19999.0
2316.0,172.2,8612.153,19995.0
2125.0,159.0,7949.6025,20001.0
1854.0,148.2,7411.1113,19997.0
1657.0,132.8,6638.6724,20004.0
1029.0,88.6,4430.443,19998.0
739.0,60.6,3030.606,19996.0
431.0,32.8,1639.5901,20005.0
2181.0,32.4,1620.5673,19993.0
2563.0,127.0,6346.8267,20010.0
5581.0,230.2,11515.182,19991.0
9382.0,405.0,20254.05,19996.0
9948.0,354.0,17700.0,20000.0
9351.0,164.0,8198.7705,20003.0
2476.0,70.4,3520.0,20000.0
62.0,0.0,0.0,19996.0
-12.0,0.0,0.0,19997.0
659.0,49.2,2459.877,20001.0
2002.0,181.0,9050.905,19998.0
2877.0,225.0,11250.0,20000.0
2834.0,209.2,10460.0,20000.0
2427.0,178.6,8931.34,19997.0
1916.0,148.6,7427.772,20006.0
2064.0,121.0,6051.2104,19996.0
5981.0,241.8,12091.813,19997.0
9566.0,356.0,17800.0,20000.0
9776.0,281.8,14092.818,19996.0
9265.0,190.8,9540.0,20000.0
9289.0,266.2,13311.332,19998.0
9683.0,293.0,14650.0,20000.0
9800.0,312.2,15610.001,20000.0
9868.0,336.6,16832.525,19997.0
9973.0,349.2,17459.127,20001.0
10090.0,379.8,18992.848,19997.0
10201.0,404.4,20218.988,20001.0
10232.0,409.0,20448.979,20001.0
10269.0,412.6,20635.158,19995.0
10342.0,407.2,20361.02,19999.0
10410.0,447.2,22358.883,20001.0
10484.0,463.8,23190.0,20000.0
10527.0,461.4,23068.846,20001.0
10626.0,474.0,23705.926,19995.0
10663.0,485.0,24251.213,19999.0
10589.0,458.0,22900.0,20000.0
10638.0,466.2,23310.0,20000.0
10694.0,485.0,24248.787,20001.0
10749.0,478.6,23935.984,19995.0
10786.0,490.4,24521.227,19999.0
10811.0,504.8,25238.738,20001.0
10798.0,510.4,25521.275,19999.0
10823.0,494.4,24710.115,20008.0
10232.0,486.0,24313.373,19989.0
10367.0,502.0,25093.727,20005.0
7540.0,464.0,23206.963,19994.0
6400.0,414.0,20698.965,20001.0
5661.0,374.8,18739.062,20001.0
4842.0,319.4,15974.792,19994.0
4386.0,308.6,15430.0,20000.0
4337.0,312.0,15599.22,20001.0
5667.0,438.2,21911.096,19999.0
6178.0,430.6,21531.076,19999.0
5994.0,428.6,21432.143,19998.0
5710.0,389.8,19491.95,19998.0
5279.0,355.4,17770.0,20000.0
4410.0,299.6,14979.251,20001.0
3641.0,248.8,12441.244,19998.0
3283.0,243.2,12161.216,19998.0
3105.0,230.6,11531.153,19998.0
3850.0,293.4,14669.267,20001.0
4176.0,303.4,15166.208,20005.0
3831.0,258.2,12910.646,19999.0
7577.0,376.0,18805.643,19994.0
10355.0,515.0,25752.576,19998.0
10743.0,474.8,23738.812,20001.0
10108.0,289.4,14470.724,19999.0
9924.0,293.2,14660.733,19999.0
10188.0,375.4,18771.877,19998.0
10269.0,370.2,18508.15,20002.0
5162.0,255.4,12770.639,19999.0
2427.0,152.6,7630.382,19999.0
1762.0,143.6,7180.7183,19998.0
2082.0,174.6,8730.873,19998.0
3579.0,299.4,14970.748,19999.0
4743.0,343.2,17163.434,19996.0
4762.0,329.8,16487.525,20003.0
4404.0,297.4,14871.487,19998.0
3628.0,245.0,12251.226,19998.0
2452.0,170.8,8540.427,19999.0
1990.0,151.6,7580.0005,20000.0
1712.0,143.2,7159.2837,20002.0
1478.0,121.0,6049.6978,20001.0
4010.0,178.6,8932.233,19995.0
8556.0,410.8,20542.053,19998.0
10435.0,521.6,26081.303,19999.0
10293.0,379.4,18968.104,20002.0
9665.0,218.0,10901.635,19997.0
9462.0,281.0,14048.595,20002.0
9899.0,344.8,17243.447,19996.0
9973.0,332.2,16607.51,20003.0
10342.0,377.4,18869.057,20001.0
10632.0,400.0,20006.002,19994.0
10786.0,418.0,20900.0,20000.0
10841.0,415.6,20785.197,19995.0
10958.0,419.2,20960.0,20000.0
10995.0,437.6,21877.812,20002.0
11026.0,445.8,22294.459,19996.0
11045.0,447.4,22372.236,19998.0
11125.0,477.0,23848.807,20001.0
11168.0,480.8,24041.201,19999.0
11174.0,491.0,24540.184,20008.0
11205.0,502.8,25142.514,19998.0
10971.0,476.6,23838.344,19993.0
10663.0,470.4,23521.176,19999.0
10669.0,488.2,24411.22,19999.0
10392.0,490.6,24526.322,20003.0
10349.0,484.6,24232.424,19998.0
10367.0,458.6,22934.588,19996.0
10379.0,477.2,23860.0,20000.0
10373.0,468.2,23405.32,20004.0
6419.0,332.6,16630.832,19999.0
4571.0,309.6,15483.097,19996.0
4121.0,291.8,14592.918,19996.0
3955.0,282.0,14099.295,20001.0
4392.0,331.2,16561.656,19998.0
4909.0,345.6,17280.0,20000.0
4879.0,344.0,17199.14,20001.0
4940.0,352.0,17603.521,19996.0
4786.0,329.4,16470.0,20000.0
4540.0,313.4,15671.566,19998.0
4232.0,298.6,14930.0,20000.0
3967.0,272.6,13630.0,20000.0
3591.0,258.8,12941.94,19997.0
3289.0,233.6,11679.416,20001.0
3025.0,220.4,11021.102,19998.0
2772.0,215.0,10750.537,19999.0
2778.0,207.6,10379.481,20001.0
2907.0,218.0,10902.181,19996.0
2895.0,218.4,10920.0,20000.0
2790.0,202.6,10130.507,19999.0
2550.0,187.0,9350.0,20000.0
2298.0,174.0,8699.565,20001.0
2088.0,161.2,8062.015,19995.0
1829.0,142.0,7055.55,20126.0
1639.0,133.2,6702.561,19873.0
1466.0,122.8,6139.6934,20001.0
1485.0,128.2,6410.0,20000.0
1577.0,134.0,6701.3403,19996.0
1589.0,130.6,6238.6553,20934.0
1448.0,120.6,6028.794,20004.0
4669.0,198.0,9902.971,19994.0
9191.0,385.6,19279.037,20001.0
10108.0,356.4,17821.781,19998.0
9887.0,289.8,14490.724,19999.0
9030.0,172.2,8610.431,19999.0
9197.0,261.6,13080.654,19999.0
9579.0,302.2,15110.001,20000.0
9800.0,288.2,14411.441,19998.0
9899.0,334.0,16700.836,19999.0
10022.0,349.0,17450.0,20000.0
10170.0,382.6,19131.914,19998.0
10195.0,398.4,19920.0,20000.0
10275.0,408.0,20402.041,19998.0
10336.0,427.2,21361.068,19999.0
10349.0,434.0,21700.0,20000.0
10460.0,433.4,21672.166,19998.0
10527.0,448.6,22428.879,20001.0
10521.0,456.6,22832.283,19998.0
10570.0,445.6,22282.229,19998.0
10607.0,474.2,23710.0,20000.0
10657.0,485.0,24252.426,19998.0
10724.0,485.2,24250.3,20008.0
5279.0,355.6,17788.895,19990.0
2433.0,216.2,10807.298,20005.0
2162.0,176.0,8798.681,20003.0
-2045.0,123.4,6173.3955,19989.0
-5088.0,67.2,3360.168,19999.0
-5796.0,67.2,3360.168,19999.0
-5630.0,67.2,3360.168,19999.0
-5723.0,56.6,2811.7236,20130.0
-5692.0,53.6,2697.8054,19868.0
-5692.0,53.6,2680.134,19999.0
-5907.0,-24.0,-1200.06,19999.0
-7022.0,-107.8,-5390.2695,19999.0
-8076.0,-197.8,-9402.034,21038.0
-8722.0,-218.2,-10911.637,19997.0
-8427.0,-213.4,-10670.533,19999.0
-8482.0,-206.8,-10340.0,20000.0
-8833.0,-250.4,-12520.0,20000.0
-9184.0,-254.4,-12721.271,19998.0
-9338.0,-271.8,-13589.32,20001.0
-9449.0,-278.8,-13940.696,19999.0
-9560.0,-309.4,-15472.32,19997.0
-9776.0,-332.0,-16600.0,20000.0
-9800.0,-320.6,-16031.604,19998.0
-9862.0,-349.8,-17490.873,19999.0
-9991.0,-378.8,-18939.053,20001.0
-10084.0,-377.0,-18852.828,19997.0
-10041.0,-366.4,-18319.084,20001.0
-10084.0,-407.4,-20373.055,19997.0
-10188.0,-411.2,-20560.0,20000.0
-10232.0,-409.2,-20461.023,19999.0
-10306.0,-428.0,-21401.07,19999.0
-10379.0,-426.8,-21342.133,19998.0
-10392.0,-435.4,-21771.088,19999.0
-10392.0,-433.2,-21661.084,19999.0
-10466.0,-451.8,-22592.258,19998.0
-10490.0,-445.0,-22248.887,20001.0
-10620.0,-471.4,-23572.357,19998.0
-10644.0,-473.2,-23661.184,19999.0
-10657.0,-474.8,-23738.812,20001.0
-10657.0,-495.4,-24773.715,19997.0
-10681.0,-478.2,-23912.393,19998.0
-10768.0,-479.2,-23960.0,20000.0
-10798.0,-523.8,-26191.309,19999.0
-10687.0,-507.4,-25371.268,19999.0
-10700.0,-496.8,-24841.242,19999.0
-10755.0,-499.0,-24951.248,19999.0
-10724.0,-486.2,-24311.217,19999.0
-10706.0,-473.2,-23662.367,19998.0
-10743.0,-499.6,-24977.502,20002.0
-10860.0,-526.6,-26333.95,19997.0
-10835.0,-512.6,-25632.562,19998.0
-10768.0,-492.0,-24600.0,20000.0
-10804.0,-495.8,-24783.803,20005.0
-7293.0,-418.0,-20907.318,19993.0
-5642.0,-355.0,-17741.129,20010.0
1281.0,-151.8,-7594.557,19988.0
5661.0,44.4,2219.0015,20009.0
2107.0,-45.4,-2270.227,19998.0
6437.0,-16.8,-840.3781,19991.0
4287.0,-11.8,-590.02954,19999.0
6739.0,-11.8,-590.02954,19999.0
5926.0,-6.4,-320.016,19999.0
5926.0,0.0,0.0,20003.0
1540.0,-10.8,-540.02704,19999.0
-234.0,-18.6,-930.2326,19995.0
-382.0,-29.8,-1490.0745,19999.0
-166.0,-26.0,-1300.0,20000.0
-68.0,-16.2,-810.08105,19998.0
-6.0,-16.2,-810.0405,19999.0
-6.0,-16.2,-809.8381,20004.0
-2846.0,-13.2,-660.19806,19994.0
-7780.0,-355.0,-17750.0,20000.0
-9240.0,-208.0,-10401.04,19998.0
-8285.0,-193.4,-9670.483,19999.0
-8199.0,-145.0,-7250.0,20000.0
-6258.0,-107.8,-5390.539,19998.0
-5753.0,-74.0,-3674.8274,20137.0
-6911.0,-150.0,-7552.4897,19861.0
-8279.0,-183.2,-9160.458,19999.0
-8026.0,-170.2,-8510.426,19999.0
-8076.0,-175.2,-8760.876,19998.0
-8562.0,-238.6,-11930.597,19999.0
-9166.0,-252.0,-12600.0,20000.0
-9012.0,-222.2,-11111.111,19998.0
-9154.0,-271.4,-13569.321,20001.0
-9505.0,-287.6,-14381.438,19998.0
-9603.0,-302.2,-15111.512,19998.0
-9646.0,-317.0,-15850.0,20000.0
-9770.0,-333.4,-16670.834,19999.0
-9794.0,-320.0,-15999.2,20001.0
-9794.0,-342.2,-17112.568,19997.0
-9831.0,-348.6,-17430.871,19999.0
-9917.0,-342.0,-17100.0,20000.0
-9880.0,-359.8,-17991.799,19998.0
-10004.0,-388.0,-19400.0,20000.0
-10022.0,-374.6,-18731.873,19998.0
-10065.0,-383.0,-19150.957,19999.0
-10102.0,-404.8,-20233.93,20006.0
-7681.0,-338.8,-16937.459,20003.0
1577.0,-147.4,-7370.368,19999.0
3733.0,78.8,3941.9712,19990.0
7811.0,61.2,3060.153,19999.0
5710.0,24.8,1240.062,19999.0
6622.0,18.8,940.04694,19999.0
6000.0,18.8,940.04694,19999.0
6043.0,16.8,839.99994,20000.0
6203.0,16.8,840.042,19999.0
6486.0,31.8,1590.0,20000.0
7903.0,150.4,7520.3755,19999.0
8476.0,177.0,8850.0,20000.0
8618.0,218.2,10911.637,19997.0
9129.0,240.4,12020.601,19999.0
9480.0,285.4,14269.286,20001.0
9659.0,288.4,14421.441,19998.0
9794.0,318.4,15920.0,20000.0
9825.0,317.6,15880.0,20000.0
9899.0,336.2,16812.523,19997.0
10016.0,369.4,18343.43,20138.0
10115.0,393.2,19798.59,19860.0
10244.0,406.6,20330.0,20000.0
10324.0,404.0,20201.01,19999.0
10404.0,433.2,21662.166,19998.0
10416.0,415.8,20646.506,20139.0
10798.0,464.0,23360.016,19863.0
11002.0,463.6,23185.797,19995.0
11026.0,461.0,23051.152,19999.0
11057.0,462.0,23100.0,20000.0
11106.0,476.4,23823.572,19997.0
11125.0,477.2,23858.809,20001.0
11125.0,466.6,23332.334,19998.0
11162.0,483.6,24180.0,20000.0
11137.0,488.4,24420.0,20000.0
11186.0,495.8,24791.238,19999.0
11174.0,488.8,24441.22,19999.0
11199.0,492.4,24613.846,20005.0
11039.0,469.0,23454.691,19996.0
10995.0,462.8,23138.842,20001.0
10743.0,470.6,23538.238,19993.0
10589.0,471.6,23580.0,20000.0
10281.0,455.4,22772.277,19998.0
10250.0,455.2,22757.725,20002.0
10330.0,474.2,23713.559,19997.0
10367.0,464.2,23211.162,19999.0
10373.0,462.8,23141.156,19999.0
10460.0,492.4,24621.23,19999.0
10490.0,484.8,24242.424,19998.0
10466.0,463.6,23180.0,20000.0
10490.0,471.2,23561.178,19999.0
10447.0,458.6,22930.0,20000.0
10515.0,465.2,23261.164,19999.0
10620.0,473.4,23671.184,19999.0
10657.0,483.8,24191.209,19999.0
10700.0,489.0,24451.223,19999.0
10663.0,476.4,23820.0,20000.0
10669.0,490.2,24505.1,20004.0
11002.0,497.4,24877.463,19994.0
11076.0,487.8,24385.123,20004.0
11211.0,496.8,24847.453,19994.0
11230.0,506.0,25300.0,20000.0
11242.0,508.0,25402.541,19998.0
11199.0,481.4,24071.203,19999.0
11254.0,505.8,25291.264,19999.0
11266.0,523.4,26171.31,19999.0
11316.0,518.0,25741.69,20123.0
11408.0,520.0,26163.521,19875.0
11390.0,524.0,26201.31,19999.0
11279.0,514.4,25721.287,19999.0
11279.0,511.6,25581.28,19999.0
11291.0,498.0,23756.143,20963.0
11322.0,513.8,25686.146,20003.0
11285.0,522.0,26109.139,19993.0
11180.0,531.4,26563.361,20005.0
11057.0,508.0,25408.893,19993.0
10841.0,514.4,25721.287,19999.0
10509.0,503.6,25180.0,20000.0
10460.0,511.0,25551.277,19999.0
10533.0,503.0,25151.258,19999.0
10503.0,478.2,23911.195,19999.0
10484.0,480.0,24001.2,19999.0
10601.0,495.6,24781.24,19999.0
10632.0,500.4,25021.25,19999.0
10687.0,502.8,25140.0,20000.0
10718.0,508.8,25442.543,19998.0
10712.0,505.6,25281.264,19999.0
10743.0,509.0,25450.0,20000.0
10768.0,498.2,24911.246,19999.0
10774.0,515.0,25751.287,19999.0
10798.0,525.8,26291.314,19999.0
10786.0,503.6,25181.26,19999.0
10798.0,503.6,25180.0,20000.0
10817.0,503.2,25162.518,19998.0
10872.0,524.8,26241.31,19999.0
10891.0,519.6,25981.297,19999.0
10989.0,516.2,25811.291,19999.0
11032.0,514.8,25740.0,20000.0
10977.0,511.4,25572.557,19998.0
10909.0,512.8,25641.281,19999.0
10915.0,493.0,24650.0,20000.0
10915.0,513.4,25664.87,20004.0
11180.0,541.2,27061.354,19999.0
11322.0,525.8,26297.889,19994.0
11396.0,517.2,25861.293,19999.0
11396.0,530.8,26541.326,19999.0
11396.0,532.8,26641.332,19999.0
11476.0,547.0,27350.0,20000.0
11464.0,534.8,26742.674,19998.0
11451.0,516.0,25801.291,19999.0
11396.0,518.8,25941.297,19999.0
11408.0,531.8,26591.328,19999.0
11427.0,535.4,26770.002,20000.0
11464.0,539.6,26982.697,19998.0
11501.0,534.2,26711.336,19999.0
11433.0,518.4,25921.297,19999.0
11427.0,533.8,26691.334,19999.0
11408.0,512.4,25622.564,19998.0
11427.0,503.4,25170.0,20000.0
11427.0,513.4,25672.568,19998.0
11377.0,520.4,26020.002,20000.0
11291.0,502.2,25111.256,19999.0
11279.0,483.4,24171.209,19999.0
11285.0,512.0,25601.28,19999.0
11303.0,507.6,25382.54,19998.0
11310.0,516.2,25810.0,20000.0
11273.0,482.0,24101.205,19999.0
11236.0,499.4,24971.248,19999.0
11236.0,479.8,23991.2,19999.0
11230.0,493.2,24661.234,19999.0
11248.0,496.6,24831.242,19999.0
11236.0,477.6,23875.225,20004.0
11217.0,511.0,25552.555,19998.0
10817.0,480.4,24026.006,19995.0
10127.0,445.8,22285.543,20004.0
6807.0,374.6,18730.938,19999.0
4916.0,313.2,15660.783,19999.0
-758.0,115.4,5770.2886,19999.0
-6659.0,0.0,0.0,19994.0
-5458.0,0.0,0.0,19999.0
-5636.0,0.0,0.0,19999.0
-5994.0,-9.6,-480.02402,19999.0
-5593.0,-9.6,-480.02402,19999.0
-5858.0,-21.0,-1050.0525,19999.0
-5901.0,-25.8,-1290.0645,19999.0
-7515.0,-144.8,-7240.3623,19999.0
-8568.0,-240.2,-12010.0,20000.0
-8852.0,-208.0,-10401.04,19998.0
-8766.0,-213.6,-10680.0,20000.0
-9055.0,-253.4,-12671.267,19998.0
-9369.0,-268.4,-13420.671,19999.0
-9591.0,-300.0,-14995.501,20006.0
-4127.0,-184.4,-9219.078,20002.0
1805.0,-27.4,-1370.6853,19990.0
3462.0,117.0,5847.661,20008.0
7133.0,37.8,1890.9454,19990.0
5840.0,29.6,1480.074,19999.0
6203.0,23.4,1170.0585,19999.0
6222.0,23.4,1170.0,20000.0
6209.0,28.0,1400.14,19998.0
6258.0,24.0,1200.06,19999.0
7059.0,109.4,5470.2734,19999.0
8501.0,210.0,10500.525,19999.0
8655.0,160.6,8030.402,19999.0
8279.0,156.2,7810.0,20000.0
8839.0,230.0,11501.15,19998.0
9505.0,264.0,13200.0,20000.0
9603.0,269.2,13460.674,19999.0
9683.0,307.6,15381.538,19998.0
9825.0,322.0,16100.805,19999.0
9954.0,375.4,18770.0,20000.0
10010.0,364.8,18241.824,19998.0
10053.0,388.8,19434.17,20006.0
6647.0,319.0,15958.777,19989.0
3597.0,216.4,10820.541,19999.0
2710.0,195.0,9744.153,20012.0
2895.0,172.2,8610.0,20000.0
7644.0,414.0,20702.07,19998.0
10540.0,558.4,27933.969,19990.0
11020.0,580.0,29000.0,20000.0
10423.0,474.6,23731.188,19999.0
9782.0,306.6,15331.533,19998.0
9880.0,334.2,16710.0,20000.0
9825.0,380.0,19000.95,19999.0
9825.0,370.0,18500.926,19999.0
9954.0,393.2,19660.984,19999.0
9961.0,387.8,19390.969,19999.0
9942.0,415.6,20775.846,20004.0
7854.0,331.6,16584.977,19994.0
6536.0,315.0,15746.851,20004.0
5180.0,295.6,14784.436,19994.0
3831.0,258.2,12910.646,19999.0
3277.0,225.0,11250.0,20000.0
2951.0,209.6,10481.049,19998.0
3277.0,272.2,13610.001,20000.0
4762.0,352.0,17600.88,19999.0
4872.0,344.4,17221.723,19998.0
4583.0,313.2,15660.001,20000.0
3973.0,273.0,13650.683,19999.0
3012.0,204.6,10230.512,19999.0
2445.0,177.4,8870.443,19999.0
2156.0,162.8,8140.407,19999.0
1977.0,152.8,7640.3823,19999.0
2014.0,161.2,8060.403,19999.0
2187.0,169.8,8490.425,19999.0
2218.0,172.8,8640.433,19999.0
2119.0,165.0,8250.412,19999.0
1903.0,156.4,7820.3906,19999.0
1756.0,133.4,6670.333,19999.0
1485.0,121.6,6080.3037,19999.0
1306.0,110.0,5500.275,19999.0
1072.0,96.0,4800.24,19999.0
887.0,85.2,4260.213,19999.0
813.0,75.2,3760.376,19998.0
912.0,84.2,4210.2104,19999.0
1029.0,95.4,4770.239,19999.0
1109.0,101.6,5080.254,19999.0
1035.0,95.8,4760.012,20126.0
3209.0,112.8,5676.6143,19871.0
6548.0,326.0,16296.74,20004.0
8796.0,390.2,19515.855,19994.0
9579.0,231.4,11570.0,20000.0
8575.0,167.4,7957.03,21038.0
8975.0,242.0,12102.421,19996.0
9591.0,267.4,13370.0,20000.0
9640.0,290.6,14530.727,19999.0
9813.0,314.4,15721.572,19998.0
9961.0,347.6,17380.87,19999.0
10090.0,386.6,19330.0,20000.0
10115.0,389.6,19482.922,19997.0
10188.0,386.6,19330.0,20000.0
10262.0,411.6,20574.857,20005.0
10484.0,413.2,20661.033,19999.0
10768.0,438.8,21945.486,19995.0
11032.0,480.2,24011.201,19999.0
11039.0,456.8,22840.0,20000.0
11119.0,473.0,23651.182,19999.0
11131.0,488.8,24440.0,20000.0
11156.0,472.0,23602.36,19998.0
11162.0,480.8,24041.201,19999.0
11199.0,503.2,25156.227,20003.0
11217.0,497.2,24861.244,19999.0
11057.0,489.8,24497.348,19994.0
10694.0,462.4,23120.0,20000.0
10706.0,487.2,24362.438,19998.0
10373.0,488.6,24431.223,19999.0
10404.0,480.8,24040.0,20000.0
10490.0,505.2,25260.0,20000.0
10478.0,488.2,24412.441,19998.0
10460.0,450.6,22531.127,19999.0
10496.0,469.6,23480.0,20000.0
10496.0,472.2,23611.182,19999.0
10533.0,481.4,24071.203,19999.0
10620.0,468.4,23421.17,19999.0
10607.0,477.6,23882.389,19998.0
10583.0,478.4,23921.195,19999.0
10638.0,481.6,24078.797,20001.0
10657.0,479.4,23972.396,19998.0
10706.0,498.2,24910.0,20000.0
10737.0,497.0,24852.484,19998.0
10731.0,486.6,24332.434,19998.0
10731.0,477.0,23850.0,20000.0
10749.0,499.0,24951.248,19999.0
10731.0,489.6,24480.0,20000.0
10768.0,486.6,24327.568,20002.0
8205.0,443.8,22196.658,19994.0
5858.0,379.8,18990.0,20000.0
5224.0,356.0,17800.89,19999.0
4866.0,334.4,16720.836,19999.0
4577.0,311.4,15570.778,19999.0
4762.0,355.6,17780.889,19999.0
6129.0,448.4,22421.121,19999.0
6369.0,420.8,21041.05,19999.0
6074.0,417.2,20861.043,19999.0
5679.0,382.0,19100.955,19999.0
4860.0,329.8,16490.0,20000.0
4337.0,295.0,14750.737,19999.0
4010.0,282.8,14140.706,19999.0
3721.0,260.8,13041.304,19998.0
3474.0,246.2,12310.0,20000.0
3450.0,258.4,12921.292,19998.0
4059.0,299.2,14960.001,20000.0
4170.0,295.8,14790.739,19999.0
3979.0,281.2,14061.407,19998.0
3745.0,260.6,13030.0,20000.0
3443.0,247.0,12350.617,19999.0
3055.0,220.4,11020.551,19999.0
2686.0,191.6,9580.4795,19999.0
2421.0,182.0,9100.91,19998.0
2162.0,169.4,8470.423,19999.0
1971.0,149.0,7450.3726,19999.0
1725.0,144.6,7230.362,19999.0
1639.0,131.8,6590.0,20000.0
1583.0,132.4,6620.6616,19998.0
1583.0,130.6,6530.0005,20000.0
1454.0,121.0,6050.3027,19999.0
1257.0,108.8,5440.272,19999.0
1078.0,98.0,4900.0,20000.0
924.0,90.8,4540.227,19999.0
807.0,77.2,3860.386,19998.0
733.0,66.2,3309.338,20004.0
-1084.0,57.6,2880.144,19999.0
-4528.0,-27.6,-1380.069,19999.0
-4762.0,-78.8,-3941.1826,19994.0
-6265.0,-27.6,-1379.931,20001.0
-6813.0,-105.8,-5290.794,19997.0
-7694.0,-132.8,-6640.332,19999.0
-7694.0,-120.6,-6030.0,20000.0
-8562.0,-193.8,-9690.97,19998.0
-8963.0,-246.2,-12309.385,20001.0
-9080.0,-223.8,-11187.763,20004.0
-4854.0,-179.2,-8964.482,19990.0
-1250.0,-61.2,-3060.0,20000.0
-678.0,-42.8,-2140.2139,19998.0
-468.0,-34.8,-1740.0869,19999.0
-832.0,-70.8,-3540.0002,20000.0
-2211.0,-192.4,-9620.962,19998.0
-2550.0,-192.0,-9600.48,19999.0
-2372.0,-177.8,-8890.444,19999.0
-1768.0,-133.0,-6650.3325,19999.0
-1183.0,-99.2,-4960.0,20000.0
-813.0,-69.6,-3480.348,19998.0
-493.0,-43.0,-2148.7107,20012.0
1829.0,-11.4,-570.31366,19989.0
6357.0,274.0,13693.838,20009.0
8568.0,248.4,12426.213,19990.0
8673.0,115.0,5750.2876,19999.0
6985.0,51.6,2580.129,19999.0
7860.0,132.0,6600.33,19999.0
8612.0,205.2,10260.0,20000.0
8556.0,193.2,9659.517,20001.0
8667.0,224.8,11241.124,19998.0
9018.0,232.0,11600.58,19999.0
9166.0,263.4,13170.0,20000.0
9468.0,297.8,14890.744,19999.0
9529.0,288.8,14442.166,19997.0
9634.0,315.4,15763.694,20008.0
7059.0,271.0,13552.711,19996.0
4564.0,213.2,10665.332,19990.0
2636.0,180.8,9040.452,19999.0
2156.0,160.8,8033.573,20016.0
2661.0,153.2,7662.2983,19994.0
8199.0,382.2,19110.0,20000.0
7996.0,464.2,23220.45,19991.0
9757.0,489.6,24483.674,19997.0
10078.0,403.6,20178.992,20001.0
9400.0,209.8,10488.951,20002.0
4977.0,199.8,9990.5,19999.0
2452.0,129.2,6461.615,19995.0
1460.0,113.6,5680.0,20000.0
1195.0,99.2,4960.0,20000.0
955.0,100.4,5021.0044,19996.0
1374.0,124.8,6240.312,19999.0
1977.0,162.0,8100.0,20000.0
2612.0,209.6,10481.049,19998.0
2556.0,198.6,9928.511,20003.0
2119.0,153.4,7671.534,19996.0
1053.0,85.2,4260.426,19998.0
450.0,40.6,2030.1014,19999.0
222.0,31.0,1550.0775,19999.0
37.0,18.2,909.81805,20004.0
-1860.0,12.8,640.032,19999.0
-4521.0,-25.8,-1290.4517,19993.0
-7429.0,-97.6,-4880.0,20000.0
-6776.0,-53.4,-2670.267,19998.0
-7515.0,-94.6,-4730.2363,19999.0
-7478.0,-122.2,-6107.2515,20009.0
-4718.0,-80.8,-4040.6062,19997.0
-1066.0,-22.4,-1120.5603,19990.0
-43.0,0.0,0.0,19998.0
-25.0,0.0,0.0,19999.0
-18.0,0.0,0.0,20000.0
-99.0,0.0,0.0,19999.0
-450.0,-15.8,-790.0,20000.0
-554.0,-39.8,-1990.0995,19999.0
-450.0,-37.4,-1870.1871,19998.0
-197.0,-26.4,-1320.0,20000.0
-105.0,-18.2,-909.45435,20012.0
1934.0,-5.8,-290.1741,19988.0
6258.0,249.2,12454.3955,20009.0
8082.0,223.0,11155.578,19990.0
8649.0,124.0,6200.31,19999.0
7688.0,141.0,7050.3525,19999.0
8377.0,196.2,9810.98,19998.0
8876.0,209.8,10489.476,20001.0
9117.0,228.8,11441.145,19998.0
9178.0,264.0,13201.32,19998.0
9474.0,282.8,14139.292,20001.0
9597.0,320.8,16041.604,19998.0
9659.0,311.8,15590.779,19999.0
9763.0,343.2,17160.86,19999.0
9887.0,362.6,18129.094,20001.0
9973.0,362.0,18101.81,19998.0
10034.0,380.0,19001.9,19998.0
10102.0,401.6,20080.0,20000.0
10195.0,405.4,20271.014,19999.0
10262.0,411.8,20590.0,20000.0
10275.0,425.6,21281.064,19999.0
10312.0,406.2,20311.016,19999.0
10386.0,448.2,22410.0,20000.0
10441.0,448.2,22411.121,19999.0
10460.0,441.2,22062.207,19998.0
10521.0,468.2,23411.172,19999.0
10540.0,474.4,23721.186,19999.0
10595.0,470.4,23521.176,19999.0
10595.0,469.2,23462.348,19998.0
10614.0,457.6,22880.0,20000.0
10638.0,454.4,22721.137,19999.0
10724.0,480.2,24011.201,19999.0
10737.0,486.6,24328.783,20001.0
10761.0,474.6,23733.56,19997.0
10755.0,482.6,24130.0,20000.0
10786.0,493.4,24671.232,19999.0
10829.0,506.2,25311.266,19999.0
10848.0,504.8,25241.262,19999.0
10823.0,495.0,24751.238,19999.0
10811.0,506.8,25333.666,20005.0
10139.0,464.2,23211.162,19999.0
7133.0,393.0,19655.896,19994.0
4318.0,298.0,14895.531,20006.0
3357.0,233.4,11674.086,19993.0
3733.0,304.0,15197.721,20003.0
801.0,271.4,13570.679,19999.0
-2944.0,116.0,5801.7407,19994.0
-5636.0,0.0,0.0,19999.0
-5809.0,0.0,0.0,20000.0
-5704.0,-10.2,-510.051,19998.0
-5840.0,-10.2,-510.0,20000.0
-5803.0,-22.6,-1130.113,19998.0
-6400.0,-62.4,-3120.0,20000.0
-7558.0,-147.0,-7350.3677,19999.0
-8692.0,-179.2,-8960.8955,19998.0
-8667.0,-191.6,-9580.0,20000.0
-8661.0,-197.2,-9860.0,20000.0
-9135.0,-261.8,-13091.309,19998.0
-9609.0,-253.6,-12680.635,19999.0
-9480.0,-276.8,-13839.999,20000.0
-9831.0,-315.8,-15790.789,19999.0
-9905.0,-353.6,-17680.885,19999.0
-9954.0,-345.0,-17251.725,19998.0
-10028.0,-365.6,-18280.914,19999.0
-10065.0,-384.0,-19202.88,19997.0
-10078.0,-383.8,-19189.04,20001.0
-10182.0,-392.6,-19631.963,19998.0
-10201.0,-404.0,-20202.02,19998.0
-10269.0,-420.0,-20997.9,20002.0
-10330.0,-422.0,-21102.11,19998.0
-10355.0,-450.2,-22512.252,19998.0
-10342.0,-434.0,-21700.0,20000.0
-10306.0,-410.8,-20540.0,20000.0
-10281.0,-423.2,-21163.176,19997.0
-10318.0,-432.8,-21640.0,20000.0
-10324.0,-446.8,-22331.066,20008.0
-8063.0,-386.6,-19339.67,19990.0
-6480.0,-349.8,-17484.754,20006.0
-5421.0,-337.2,-16866.748,19992.0
-4546.0,-304.4,-15222.283,19997.0
-3905.0,-266.6,-13330.667,19999.0
-3554.0,-265.4,-13271.327,19998.0
-3351.0,-244.8,-12241.225,19998.0
-3616.0,-265.8,-13288.671,20002.0
-3973.0,-287.8,-14392.878,19996.0
-3850.0,-266.6,-13330.667,19999.0
-3579.0,-259.2,-12960.648,19999.0
-2920.0,-195.4,-9770.488,19999.0
-2162.0,-156.0,-7795.7124,20011.0
1201.0,-123.2,-6160.0,20000.0
5063.0,160.4,8024.413,19989.0
8581.0,160.8,8040.0,20000.0
4854.0,0.0,0.0,19999.0
6819.0,0.0,0.0,19998.0
6591.0,65.2,3260.1628,19999.0
8365.0,154.8,7740.387,19999.0
8556.0,139.2,6913.335,20135.0
7774.0,166.4,8376.963,19864.0
8846.0,235.4,11771.177,19998.0
9283.0,264.2,13210.001,20000.0
9486.0,278.6,13930.697,19999.0
9579.0,289.8,13823.697,20964.0
9671.0,308.2,15411.542,19998.0
9837.0,349.8,17490.873,19999.0
9911.0,338.6,16925.77,20005.0
10312.0,395.4,19770.988,19999.0
10552.0,386.6,19335.8,19994.0
10731.0,421.0,21051.053,19999.0
10743.0,384.6,19230.96,19999.0
10798.0,410.2,20510.0,20000.0
10897.0,440.0,22002.201,19998.0
11026.0,444.6,22231.111,19999.0
11020.0,456.0,22800.0,20000.0
11063.0,467.2,23362.336,19998.0
11112.0,480.0,24000.0,20000.0
11112.0,459.2,22962.297,19998.0
11149.0,478.6,23931.197,19999.0
11168.0,492.4,24621.23,19999.0
11143.0,466.6,23330.0,20000.0
11168.0,470.8,23541.176,19999.0
11149.0,476.4,23821.191,19999.0
11125.0,464.2,23211.162,19999.0
11137.0,463.4,23171.158,19999.0
11156.0,476.4,23821.191,19999.0
11199.0,485.6,24275.145,20004.0
11193.0,470.6,23531.178,19999.0
10823.0,460.6,23038.064,19993.0
10521.0,457.6,22880.0,20000.0
10287.0,436.4,21821.09,19999.0
10133.0,444.4,22221.111,19999.0
10121.0,461.2,23060.0,20000.0
10108.0,430.0,21501.074,19999.0
10078.0,429.4,21470.0,20000.0
10022.0,414.8,20741.037,19999.0
10102.0,419.4,20971.049,19999.0
10182.0,443.4,22171.107,19999.0
10213.0,435.8,21791.09,19999.0
10256.0,432.6,21630.0,20000.0
10281.0,450.4,22522.252,19998.0
10318.0,451.2,22561.129,19999.0
10342.0,438.6,21931.098,19999.0
10410.0,443.6,22181.11,19999.0
10435.0,442.2,22110.0,20000.0
10441.0,445.8,22292.229,19998.0
10496.0,466.2,23311.166,19999.0
10533.0,456.4,22820.0,20000.0
10583.0,473.8,23692.37,19998.0
10644.0,484.8,24241.21,19999.0
10663.0,476.4,23821.191,19999.0
10650.0,484.2,24211.21,19999.0
10718.0,490.6,24530.0,20000.0
10700.0,495.0,24751.238,19999.0
10687.0,468.4,23421.17,19999.0
10724.0,474.2,23704.074,20005.0
10983.0,506.2,25311.266,19999.0
11094.0,504.4,25221.262,19999.0
11254.0,527.6,26387.916,19994.0
11279.0,516.8,25841.291,19999.0
11260.0,511.4,25571.277,19999.0
11266.0,520.6,26031.3,19999.0
11285.0,502.4,25120.0,20000.0
11322.0,511.8,25592.559,19998.0
11396.0,521.8,26091.305,19999.0
11408.0,532.8,26640.0,20000.0
11396.0,515.6,25782.576,19998.0
11365.0,498.4,24920.0,20000.0
11322.0,518.4,25921.297,19999.0
11371.0,517.2,25861.293,19999.0
11408.0,529.2,26461.324,19999.0
11390.0,513.2,25661.283,19999.0
11297.0,511.2,25562.557,19998.0
11285.0,517.6,25879.998,20000.0
11260.0,506.0,25301.266,19999.0
11248.0,509.8,25491.273,19999.0
11242.0,498.0,24901.244,19999.0
11242.0,514.8,25740.0,20000.0
11211.0,492.8,24641.232,19999.0
11242.0,501.6,25081.254,19999.0
11248.0,506.0,25301.266,19999.0
11242.0,513.8,25691.283,19999.0
11230.0,501.6,25081.254,19999.0
11193.0,475.6,23781.19,19999.0
11174.0,465.2,23261.164,19999.0
11174.0,466.4,23320.0,20000.0
11156.0,459.8,22992.299,19998.0
11162.0,464.6,23231.162,19999.0
11186.0,483.6,24181.209,19999.0
11205.0,477.6,23881.195,19999.0
11125.0,454.8,22734.316,20005.0
10878.0,462.8,23148.102,19993.0
10423.0,443.2,22161.11,19999.0
10115.0,419.8,20991.049,19999.0
10090.0,457.6,22881.145,19999.0
10115.0,422.0,21101.055,19999.0
10034.0,411.6,20575.885,20004.0
7404.0,343.4,17170.857,19999.0
6006.0,324.6,16234.871,19994.0
4127.0,267.2,13360.669,19999.0
3222.0,207.8,10390.52,19999.0
2575.0,180.8,9040.0,20000.0
2304.0,179.6,8980.449,19999.0
3819.0,317.0,15850.793,19999.0
4811.0,338.0,16901.69,19998.0
4675.0,335.0,16750.0,20000.0
4109.0,277.6,13880.694,19999.0
3098.0,215.2,10760.538,19999.0
2322.0,167.8,8390.42,19999.0
1971.0,148.2,7410.3706,19999.0
1725.0,140.2,7010.3506,19999.0
1460.0,122.4,6120.306,19999.0
1380.0,115.4,5770.2886,19999.0
2113.0,180.8,9040.904,19998.0
2464.0,185.4,9270.0,20000.0
2261.0,173.2,8660.433,19999.0
2020.0,156.4,7820.3906,19999.0
1429.0,116.8,5840.292,19999.0
986.0,86.4,4320.2163,19999.0
819.0,71.6,3580.179,19999.0
739.0,67.6,3379.324,20004.0
875.0,57.4,2870.1436,19999.0
3825.0,117.6,5881.7646,19994.0
8716.0,421.6,21081.055,19999.0
10201.0,398.8,19940.996,19999.0
9659.0,220.0,11000.0,20000.0
8168.0,157.6,7880.7886,19998.0
9117.0,254.2,12710.636,19999.0
9640.0,286.8,14341.434,19998.0
9677.0,292.0,14600.0,20000.0
9831.0,311.6,15580.779,19999.0
9973.0,354.2,17710.0,20000.0
10065.0,372.8,18641.863,19998.0
10115.0,377.8,18890.943,19999.0
10201.0,392.2,19610.0,20000.0
10244.0,396.6,19831.984,19998.0
10299.0,419.4,20968.951,20001.0
10404.0,428.0,21402.14,19998.0
10441.0,452.8,22641.13,19999.0
10496.0,433.2,21655.67,20004.0
10774.0,464.8,23242.324,19998.0
11039.0,478.4,23925.98,19995.0
11112.0,465.4,23270.0,20000.0
11125.0,471.2,23562.357,19998.0
11180.0,488.0,24401.22,19999.0
11199.0,497.0,24852.484,19998.0
11193.0,474.6,23731.188,19999.0
11193.0,496.6,24830.0,20000.0
11199.0,500.2,25011.252,19999.0
11217.0,502.0,25101.256,19999.0
11254.0,508.4,25421.271,19999.0
11273.0,507.0,25351.268,19999.0
11297.0,520.2,26011.3,19999.0
11266.0,506.0,25301.266,19999.0
11236.0,497.8,24891.244,19999.0
11230.0,488.8,24441.22,19999.0
11205.0,483.2,24161.209,19999.0
11223.0,497.2,24860.0,20000.0
11236.0,492.8,24642.463,19998.0
11242.0,504.4,25221.262,19999.0
11242.0,501.0,25051.252,19999.0
11211.0,490.6,24531.227,19999.0
11199.0,483.2,24161.209,19999.0
11205.0,473.0,23651.182,19999.0
11211.0,500.4,25021.25,19999.0
11211.0,487.8,24391.219,19999.0
11211.0,464.6,23231.162,19999.0
11199.0,479.0,23950.0,20000.0
11168.0,474.0,23702.371,19998.0
11168.0,459.8,22991.148,19999.0
11205.0,476.2,23810.0,20000.0
11193.0,487.0,24352.436,19998.0
11180.0,477.2,23860.0,20000.0
11162.0,471.4,23572.357,19998.0
11137.0,465.8,23290.0,20000.0
11088.0,460.2,23011.15,19999.0
11069.0,459.2,22962.297,19998.0
11082.0,457.6,22878.855,20001.0
11069.0,464.4,23222.322,19998.0
11069.0,442.0,22101.105,19999.0
11063.0,442.4,22121.105,19999.0
11088.0,457.8,22891.145,19999.0
11082.0,437.6,21878.906,20001.0
11076.0,451.6,22582.258,19998.0
11082.0,466.6,23331.166,19999.0
11057.0,427.8,21391.068,19999.0
11002.0,431.8,21591.078,19999.0
11014.0,439.6,21981.1,19999.0
11008.0,425.2,21260.0,20000.0
10989.0,434.6,21731.086,19999.0
10989.0,420.8,21040.0,20000.0
10989.0,423.8,21191.059,19999.0
10983.0,438.0,21895.621,20004.0
10872.0,426.8,21345.336,19995.0
10755.0,417.8,20882.691,20007.0
7478.0,368.6,18430.0,20000.0
542.0,201.8,10090.505,19999.0
-3240.0,0.0,0.0,19989.0
-6031.0,-79.8,-3990.1997,19999.0
-5889.0,-79.8,-3990.1997,19999.0
-5790.0,-89.2,-4460.0,20000.0
-5938.0,-89.2,-4460.446,19998.0
-5833.0,-76.0,-3800.19,19999.0
-5889.0,-106.2,-5310.0,20000.0
-5858.0,-7.4,-370.03702,19998.0
-7484.0,-136.8,-6840.3423,19999.0
-8575.0,-212.2,-10610.53,19999.0
-8655.0,-222.4,-11120.0,20000.0
-8784.0,-194.4,-9720.485,19999.0
-8766.0,-223.6,-11180.56,19999.0
-9406.0,-302.8,-15140.757,19999.0
-9573.0,-288.2,-14410.721,19999.0
-9634.0,-310.0,-15500.775,19999.0
-9844.0,-345.6,-17280.865,19999.0
-9930.0,-364.0,-18201.82,19998.0
-9930.0,-339.6,-16980.0,20000.0
-9967.0,-368.8,-18436.312,20004.0
-7484.0,-316.2,-15806.839,20004.0
-524.0,-134.8,-6743.0347,19991.0
2039.0,0.0,0.0,20008.0
4996.0,71.8,3591.9758,19989.0
6486.0,26.2,1310.0,20000.0
6104.0,26.2,1310.1311,19998.0
6246.0,26.2,1310.0,20000.0
6222.0,22.4,1120.1119,19998.0
6191.0,22.4,1120.056,19999.0
6388.0,16.0,799.96,20001.0
7109.0,109.8,5490.275,19999.0
8285.0,192.4,9620.48,19999.0
8753.0,205.2,10260.513,19999.0
8901.0,207.2,10360.518,19999.0
9018.0,222.0,11100.555,19999.0
9406.0,263.6,13180.659,19999.0
9763.0,290.6,14530.727,19999.0
9813.0,298.4,14914.034,20008.0
6283.0,226.8,11340.567,19999.0
4700.0,194.8,9740.0,20000.0
7484.0,317.0,15858.723,19989.0
9683.0,459.4,22971.148,19999.0
10386.0,470.2,23511.176,19999.0
10096.0,380.0,19000.95,19999.0
9880.0,373.2,18656.27,20004.0
6813.0,294.0,14700.735,19999.0
4066.0,244.2,12213.664,19994.0
3185.0,219.0,10950.548,19999.0
2673.0,193.4,9670.967,19998.0
2427.0,178.8,8940.0,20000.0
2846.0,230.6,11530.577,19999.0
4127.0,309.4,15470.773,19999.0
4220.0,301.0,15050.0,20000.0
3782.0,260.6,13031.304,19998.0
2840.0,194.2,9710.485,19999.0
2131.0,157.4,7869.9995,20000.0
1786.0,138.4,6920.692,19998.0
1503.0,125.2,6260.0,20000.0
1294.0,123.8,6190.3096,19999.0
1189.0,102.8,5140.2573,19999.0
1386.0,123.8,6190.3096,19999.0
1786.0,151.4,7570.3784,19999.0
1829.0,151.8,7590.38,19999.0
1694.0,137.6,6880.344,19999.0
1441.0,119.0,5950.2974,19999.0
1269.0,107.6,5380.0,20000.0
1047.0,94.0,4700.47,19998.0
856.0,80.4,4018.9954,20005.0
3819.0,113.0,5651.978,19993.0
8673.0,377.4,18870.943,19999.0
10041.0,385.4,19270.963,19999.0
9714.0,234.0,11700.585,19999.0
8445.0,147.6,7380.0005,20000.0
9098.0,261.6,13080.654,19999.0
9634.0,270.6,13531.354,19998.0
9634.0,282.6,14130.707,19999.0
9819.0,333.2,16661.666,19998.0
9961.0,359.6,17980.0,20000.0
10028.0,358.8,17940.896,19999.0
10108.0,390.0,19501.95,19998.0
10219.0,404.2,20204.95,20005.0
7238.0,322.6,16135.647,19993.0
5803.0,287.0,14347.131,20004.0
5205.0,316.2,15813.163,19996.0
4041.0,267.6,13381.339,19998.0
3671.0,262.8,13051.251,20136.0
3480.0,253.0,12737.892,19862.0
4127.0,319.6,15980.8,19999.0
4854.0,352.4,17620.88,19999.0
4786.0,335.2,16760.838,19999.0
4528.0,315.8,15684.91,20134.0
4361.0,286.2,14407.975,19864.0
5907.0,323.2,16156.77,20004.0
8273.0,406.4,20326.098,19994.0
10398.0,510.6,25531.277,19999.0
10386.0,394.4,19720.986,19999.0
9930.0,298.6,14930.747,19999.0
10034.0,359.2,17960.898,19999.0
10219.0,390.2,19510.977,19999.0
10256.0,404.2,20206.969,20003.0
6967.0,326.2,16310.001,20000.0
4343.0,268.0,13403.351,19995.0
3480.0,242.4,12121.212,19998.0
3228.0,236.0,11800.0,20000.0
3314.0,247.8,12391.239,19998.0
4139.0,317.0,15850.793,19999.0
5051.0,370.8,18540.0,20000.0
5057.0,349.8,17490.873,19999.0
4614.0,312.0,15600.0,20000.0
3807.0,251.2,12560.628,19999.0
3240.0,232.2,11610.58,19999.0
2926.0,212.2,10610.53,19999.0
2680.0,194.8,9740.487,19999.0
2464.0,182.8,9138.173,20004.0
2606.0,188.2,9412.823,19994.0
2661.0,186.4,9318.136,20004.0
5261.0,259.6,12983.8955,19994.0
9603.0,476.2,23811.191,19999.0
10657.0,514.6,25731.285,19999.0
10262.0,336.0,16800.84,19999.0
9659.0,204.6,10230.512,19999.0
9234.0,295.0,14750.0,20000.0
10041.0,351.6,17581.758,19998.0
10096.0,350.4,17520.875,19999.0
10170.0,374.2,18710.0,20000.0
10238.0,381.6,19080.955,19999.0
10336.0,419.2,20960.0,20000.0
10355.0,427.8,21392.139,19998.0
10410.0,427.0,21351.068,19999.0
10447.0,442.8,22140.0,20000.0
10466.0,459.4,22972.297,19998.0
10509.0,459.6,22981.148,19999.0
10496.0,461.2,23061.154,19999.0
10527.0,458.0,22901.145,19999.0
10583.0,441.2,22053.385,20006.0
7620.0,401.6,20091.05,19989.0
5051.0,328.6,16430.0,20000.0
4484.0,304.2,15210.761,19999.0
4189.0,315.0,15741.342,20011.0
49.0,205.4,10270.514,19999.0
-3942.0,117.0,5850.2925,19999.0
-2698.0,25.6,1280.7043,19989.0
-4706.0,22.8,1140.0,20000.0
-5827.0,12.0,600.06,19998.0
-5686.0,12.0,600.0,20000.0
-5852.0,6.8,340.03403,19998.0
-5901.0,-4.0,-200.01,19999.0
-7059.0,-112.2,-5610.0,20000.0
-8371.0,-182.4,-9120.912,19998.0
-8661.0,-184.4,-9220.461,19999.0
-8901.0,-245.4,-12270.0,20000.0
-8575.0,-229.4,-11470.573,19999.0
-9511.0,-254.6,-12730.637,19999.0
-9129.0,-276.6,-13830.691,19999.0
-9628.0,-290.8,-14540.727,19999.0
-9776.0,-322.8,-16140.807,19999.0
-9800.0,-321.6,-16080.805,19999.0
-9831.0,-338.0,-16900.846,19999.0
-9899.0,-356.2,-17810.89,19999.0
-9948.0,-384.2,-19210.96,19999.0
-9961.0,-366.4,-18320.916,19999.0
-10028.0,-393.2,-19660.984,19999.0
-10022.0,-381.0,-19050.953,19999.0
-10053.0,-395.6,-19780.99,19999.0
-10034.0,-366.4,-18320.916,19999.0
-10164.0,-417.8,-20891.043,19999.0
-10219.0,-419.0,-20952.096,19998.0
-10213.0,-409.0,-20450.0,20000.0
-10275.0,-423.8,-21192.12,19998.0
-10262.0,-401.8,-20091.004,19999.0
-10256.0,-402.4,-20121.006,19999.0
-10318.0,-438.2,-21911.096,19999.0
-10330.0,-435.2,-21758.912,20001.0
-10336.0,-419.6,-20982.098,19998.0
-10392.0,-460.2,-23012.303,19998.0
-10386.0,-442.2,-22110.0,20000.0
-10349.0,-408.6,-20432.043,19998.0
-10373.0,-427.4,-21370.0,20000.0
-10386.0,-409.8,-20491.023,19999.0
-10312.0,-432.6,-21631.082,19999.0
-10392.0,-442.2,-22110.0,20000.0
-10398.0,-435.6,-21782.178,19998.0
-10392.0,-426.0,-21301.064,19999.0
-10379.0,-420.6,-21030.0,20000.0
-10367.0,-401.6,-20081.004,19999.0
-10361.0,-415.8,-20791.04,19999.0
-10355.0,-426.8,-21341.066,19999.0
-10404.0,-429.0,-21451.072,19999.0
-10398.0,-434.8,-21741.086,19999.0
-10429.0,-426.6,-21331.066,19999.0
-10453.0,-420.6,-21031.053,19999.0
-10410.0,-415.0,-20751.037,19999.0
-10441.0,-428.4,-21421.07,19999.0
-10429.0,-425.6,-21280.0,20000.0
-10441.0,-431.4,-21563.531,20006.0
-6320.0,-346.4,-17317.402,20003.0
-240.0,-189.0,-9454.728,19990.0
5538.0,198.2,9910.991,19998.0
8248.0,102.4,5120.0,20000.0
5821.0,102.4,5120.512,19998.0
6573.0,85.6,4280.214,19999.0
6271.0,85.6,4280.0,20000.0
6252.0,85.6,4280.214,19999.0
6449.0,89.0,4450.0,20000.0
8488.0,185.2,9260.463,19999.0
8716.0,198.0,9900.495,19999.0
8433.0,176.4,8820.0,20000.0
8803.0,206.2,10311.031,19998.0
9049.0,223.6,11179.441,20001.0
9098.0,247.6,12380.619,19999.0
9295.0,270.0,13500.675,19999.0
9394.0,264.0,13200.66,19999.0
9443.0,292.0,14600.73,19999.0
9579.0,310.8,15539.999,20000.0
9671.0,337.8,16891.69,19998.0
9770.0,341.6,17080.854,19999.0
9844.0,356.6,17830.893,19999.0
9899.0,358.0,17900.895,19999.0
9985.0,397.2,19860.994,19999.0
10016.0,386.4,19320.965,19999.0
10078.0,409.6,20481.023,19999.0
10182.0,402.0,20100.0,20000.0
10250.0,416.4,20822.082,19998.0
10269.0,437.4,21871.094,19999.0
10287.0,410.4,20521.025,19999.0
10275.0,422.4,21121.057,19999.0
10306.0,430.2,21510.0,20000.0
10342.0,422.0,21102.11,19998.0
10404.0,441.0,22051.104,19999.0
10466.0,453.8,22690.0,20000.0
10460.0,452.4,22621.13,19999.0
10453.0,455.6,22780.0,20000.0
10453.0,449.4,22472.246,19998.0
10478.0,461.2,23062.307,19998.0
10478.0,467.4,23370.0,20000.0
10515.0,472.2,23611.182,19999.0
10601.0,468.2,23411.172,19999.0
10614.0,474.8,23741.186,19999.0
10607.0,469.2,23461.174,19999.0
10620.0,462.6,23131.156,19999.0
10589.0,471.4,23571.178,19999.0
10663.0,493.6,24681.234,19999.0
10687.0,491.8,24590.0,20000.0
10706.0,479.2,23961.2,19999.0
10657.0,471.8,23591.18,19999.0
10663.0,468.6,23431.172,19999.0
10638.0,452.2,22611.13,19999.0
10650.0,469.8,23491.174,19999.0
10681.0,503.0,25151.258,19999.0
10687.0,492.0,24600.0,20000.0
10687.0,494.8,24741.236,19999.0
10694.0,484.8,24242.424,19998.0
10700.0,496.6,24830.0,20000.0
10718.0,498.2,24912.492,19998.0
10706.0,492.4,24620.0,20000.0
10669.0,500.6,25032.504,19998.0
10663.0,493.4,24671.232,19999.0
10681.0,491.8,24590.0,20000.0
10681.0,490.0,24501.225,19999.0
10724.0,491.2,24562.457,19998.0
10737.0,510.0,25488.53,20009.0
9677.0,457.4,22881.44,19990.0
10404.0,504.2,25203.7,20005.0
7909.0,445.0,22261.13,19990.0
5686.0,368.4,18420.92,19999.0
4885.0,330.4,16520.826,19999.0
4441.0,299.0,14950.747,19999.0
4146.0,311.4,15570.778,19999.0
4571.0,351.4,17560.342,20011.0
4922.0,379.2,18960.95,19999.0
3708.0,280.0,14000.0,20000.0
8310.0,429.4,21481.814,19989.0
10373.0,557.8,27891.395,19999.0
10429.0,522.6,26131.305,19999.0
9677.0,281.6,14080.704,19999.0
9382.0,262.4,13120.655,19999.0
9659.0,335.8,16790.84,19999.0
9696.0,326.4,16320.815,19999.0
9671.0,333.0,16650.832,19999.0
9726.0,348.8,17440.871,19999.0
9776.0,346.6,17325.668,20005.0
6671.0,281.0,14054.919,19993.0
6764.0,321.4,16065.983,20005.0
5365.0,307.2,15364.61,19994.0
3942.0,261.4,13071.307,19998.0
3326.0,231.4,11564.796,20009.0
-598.0,162.0,8104.4575,19989.0
-6530.0,-255.8,-12787.442,20004.0
-8562.0,-33.2,-1660.3322,19996.0
-5094.0,18.0,900.09,19998.0
-6222.0,18.0,900.045,19999.0
-5883.0,28.4,1420.071,19999.0
-6006.0,6.2,310.0155,19999.0
-7041.0,-110.6,-5530.0,20000.0
-8488.0,-191.4,-9570.957,19998.0
-8186.0,-170.2,-8510.0,20000.0
-7299.0,-149.8,-7490.749,19998.0
-8993.0,-249.6,-12480.624,19999.0
-8501.0,-223.0,-11150.0,20000.0
-9486.0,-259.6,-12980.649,19999.0
-9523.0,-273.0,-13650.0,20000.0
-9591.0,-292.6,-14631.464,19998.0
-9757.0,-322.8,-16140.807,19999.0
-9874.0,-347.4,-17370.87,19999.0
-9880.0,-332.2,-16610.832,19999.0
-9936.0,-362.4,-18120.906,19999.0
-9973.0,-352.6,-17630.883,19999.0
-10010.0,-368.6,-18430.922,19999.0
-10041.0,-374.6,-18730.938,19999.0
-10059.0,-386.6,-19330.967,19999.0
-10213.0,-410.8,-20541.027,19999.0
-10170.0,-387.2,-19360.969,19999.0
-10207.0,-411.0,-20544.863,20005.0
-7835.0,-354.2,-17710.887,19999.0
-5365.0,-288.2,-14410.721,19999.0
1565.0,-167.6,-8380.839,19998.0
4897.0,229.2,11462.865,19995.0
6690.0,126.4,6320.316,19999.0
4398.0,126.4,6320.316,19999.0
6893.0,126.4,6320.316,19999.0
6376.0,32.0,1600.08,19999.0
7176.0,61.6,3080.154,19999.0
6400.0,42.8,2140.107,19999.0
6684.0,60.2,3010.1506,19999.0
8698.0,215.8,10790.54,19999.0
8704.0,186.6,9330.467,19999.0
8883.0,220.6,11030.552,19999.0
9548.0,295.0,14747.051,20004.0
3924.0,165.6,8280.414,19999.0
5076.0,164.4,8220.411,19999.0
4749.0,287.6,14385.035,19993.0
3573.0,234.0,11700.0,20000.0
1971.0,134.2,6710.671,19998.0
924.0,69.8,3490.1746,19999.0
1072.0,87.6,4380.0,20000.0
2717.0,232.6,11630.582,19999.0
3203.0,227.0,11350.0,20000.0
3061.0,214.2,10711.071,19998.0
2834.0,212.2,10610.53,19999.0
2285.0,167.2,8360.418,19999.0
1700.0,130.4,6520.3257,19999.0
1257.0,106.0,5268.128,20121.0
942.0,86.4,4346.7324,19877.0
832.0,82.2,4110.2056,19999.0
930.0,88.4,4420.221,19999.0
1244.0,113.8,5690.2847,19999.0
1337.0,118.4,5627.9116,21038.0
1250.0,107.4,5370.8057,19997.0
1053.0,95.6,4780.239,19999.0
912.0,86.2,4310.2153,19999.0
832.0,79.4,3970.1985,19999.0
739.0,71.0,3550.1775,19999.0
721.0,64.0,3200.16,19999.0
721.0,60.2,3010.0,20000.0
715.0,51.2,2560.128,19999.0
671.0,43.6,2180.218,19998.0
561.0,39.6,1980.0989,19999.0
517.0,33.6,1679.5801,20005.0
-425.0,28.0,1400.07,19999.0
-2501.0,-11.0,-550.055,19998.0
-5544.0,-145.0,-7250.0,20000.0
-7460.0,-115.8,-5792.0273,19993.0
-6936.0,-117.6,-5878.5303,20005.0
-7792.0,-167.8,-8392.518,19994.0
-8716.0,-184.8,-9240.0,20000.0
-8316.0,-175.8,-8790.879,19998.0
-8642.0,-205.4,-10270.514,19999.0
-8661.0,-196.2,-9810.0,20000.0
-8741.0,-200.0,-10000.5,19999.0
-8889.0,-257.4,-12870.644,19999.0
-9215.0,-258.8,-12941.294,19998.0
-9369.0,-272.6,-13630.682,19999.0
-9406.0,-276.4,-13819.309,20001.0
-9462.0,-289.2,-14462.17,19997.0
-9603.0,-322.8,-16139.999,20000.0
-9646.0,-323.6,-16180.0,20000.0
-9782.0,-346.2,-17312.598,19997.0
-9930.0,-372.6,-18623.482,20007.0
-7207.0,-284.6,-14229.289,20001.0
979.0,-180.6,-9030.0,20000.0
2402.0,91.4,4572.515,19989.0
6222.0,71.0,3550.0,20000.0
5723.0,71.0,3550.5325,19997.0
6376.0,71.0,3550.0,20000.0
6252.0,70.2,3510.1753,19999.0
6246.0,55.8,2790.1394,19999.0
6209.0,55.8,2790.1394,19999.0
6277.0,69.0,3450.0,20000.0
7909.0,152.6,7630.382,19999.0
8907.0,241.6,12080.6045,19999.0
8993.0,219.6,10980.0,20000.0
9228.0,235.6,11780.589,19999.0
9536.0,281.4,14071.407,19998.0
9794.0,306.0,15299.235,20001.0
9917.0,334.8,16742.512,19997.0
9948.0,343.6,17180.0,20000.0
10059.0,390.6,19531.953,19998.0
10127.0,391.2,19560.979,19999.0
10238.0,420.4,21020.0,20000.0
10312.0,431.6,21571.371,20008.0
8402.0,386.6,19203.26,20132.0
7521.0,377.2,18996.777,19856.0
9634.0,460.2,23011.15,19999.0
9942.0,472.4,23620.0,20000.0
10336.0,455.2,22761.139,19999.0
10225.0,423.6,21043.219,20130.0
10275.0,442.4,22266.96,19868.0
10293.0,454.4,22714.32,20005.0
8519.0,398.8,19940.0,20000.0
5131.0,329.6,16481.648,19998.0
3068.0,216.6,10833.25,19994.0
2834.0,207.8,10390.0,20000.0
2630.0,201.6,10081.009,19998.0
4380.0,365.0,18250.0,20000.0
5304.0,374.8,18740.936,19999.0
5162.0,350.2,17511.752,19998.0
4743.0,324.8,16239.999,20000.0
3998.0,264.2,13210.661,19999.0
3252.0,231.6,11579.421,20001.0
2649.0,185.2,9261.853,19996.0
1823.0,134.4,6719.9995,20000.0
1281.0,105.0,5250.2627,19999.0
1035.0,103.6,5180.259,19999.0
1866.0,171.4,8569.571,20001.0
2569.0,199.2,9961.494,19997.0
2458.0,182.6,9130.457,19999.0
2205.0,167.0,8350.418,19999.0
1645.0,127.0,6350.3174,19999.0
1195.0,102.8,5140.2573,19999.0
936.0,85.0,4250.0,20000.0
788.0,70.2,3510.3508,19998.0
727.0,61.4,3070.1536,19999.0
819.0,75.8,3790.0002,20000.0
936.0,92.4,4620.462,19998.0
936.0,91.8,4590.2295,19999.0
881.0,83.4,4170.2085,19999.0
795.0,75.0,3750.0,20000.0
721.0,65.2,3260.1628,19999.0
715.0,58.2,2910.291,19998.0
708.0,49.6,2480.0,20000.0
598.0,40.4,2020.1011,19999.0
511.0,35.0,1750.0875,19999.0
511.0,33.2,1660.083,19999.0
610.0,36.0,1799.73,20003.0
2064.0,56.4,2820.0,20000.0
6092.0,255.2,12763.829,19994.0
9616.0,431.2,21418.637,20132.0
9998.0,351.6,17697.69,19867.0
9505.0,190.6,9530.953,19998.0
8285.0,198.4,9920.496,19999.0
9098.0,228.6,11430.572,19999.0
9573.0,273.8,13059.861,20965.0
9751.0,309.8,15492.323,19997.0
9856.0,332.0,16600.83,19999.0
9917.0,346.8,17340.867,19999.0
10004.0,362.0,18101.81,19998.0
10065.0,378.0,18900.945,19999.0
10090.0,378.8,18940.947,19999.0
10201.0,410.4,20522.053,19998.0
10287.0,418.6,20930.0,20000.0
10312.0,411.4,20571.027,19999.0
10367.0,433.4,21672.166,19998.0
10447.0,438.0,21900.0,20000.0
10429.0,443.8,22191.11,19999.0
10466.0,456.6,22830.0,20000.0
10490.0,441.4,22071.104,19999.0
10527.0,462.2,23110.0,20000.0
10583.0,471.0,23545.291,20004.0
9326.0,445.4,22271.113,19999.0
7928.0,410.4,20526.158,19994.0
5587.0,352.6,17630.883,19999.0
4571.0,302.0,15100.755,19999.0
3985.0,272.2,13610.681,19999.0
3677.0,271.2,13560.679,19999.0
4503.0,356.8,17840.89,19999.0
5698.0,408.0,20401.02,19999.0
5686.0,390.6,19530.977,19999.0
5427.0,376.6,18830.0,20000.0
4953.0,336.2,16811.682,19998.0
4152.0,277.2,13860.693,19999.0
3302.0,226.6,11330.0,20000.0
2852.0,201.2,10061.006,19998.0
2575.0,202.6,10130.0,20000.0
2569.0,199.8,9990.999,19998.0
3425.0,265.6,13280.664,19999.0
3573.0,259.6,12980.0,20000.0
3326.0,243.2,12160.607,19999.0
3043.0,226.8,11337.166,20005.0
4133.0,203.8,10194.078,19992.0
8377.0,374.6,18730.0,20000.0
10293.0,453.6,22681.135,19999.0
10262.0,391.0,19551.955,19998.0
9733.0,207.0,10349.482,20001.0
9419.0,302.8,15134.702,20007.0
7238.0,258.2,12910.646,19999.0
1010.0,125.4,6270.0,20000.0
-3567.0,-45.0,-2251.2383,19989.0
-7546.0,-100.6,-5027.989,20008.0
-5852.0,-22.2,-1110.5553,19990.0
-5864.0,-22.2,-1110.0555,19999.0
-5950.0,-13.2,-660.033,19999.0
-5679.0,-13.2,-660.033,19999.0
-6024.0,0.0,0.0,19999.0
-6031.0,-63.0,-3150.1575,19999.0
-7755.0,-141.2,-7060.353,19999.0
-8562.0,-255.0,-12744.265,20009.0
-6339.0,-163.4,-8174.4956,19989.0
-7965.0,-162.4,-8120.406,19999.0
-9228.0,-268.2,-13403.969,20009.0
456.0,-42.6,-2130.1064,19999.0
2907.0,132.0,6603.302,19990.0
7109.0,206.2,10310.516,19999.0
8519.0,153.4,7670.3833,19999.0
5070.0,0.0,0.0,19999.0
6499.0,0.0,0.0,19999.0
6074.0,0.0,0.0,19999.0
6474.0,0.0,0.0,19999.0
7866.0,143.2,7160.358,19999.0
8673.0,187.2,9360.468,19999.0
8396.0,176.6,8830.441,19999.0
8766.0,210.2,10510.525,19999.0
8766.0,209.2,10460.0,20000.0
9419.0,278.8,13940.696,19999.0
9609.0,287.6,14380.72,19999.0
9628.0,286.4,14321.432,19998.0
9714.0,322.6,16130.0,20000.0
9819.0,346.0,17300.865,19999.0
9905.0,355.8,17790.0,20000.0
9967.0,361.6,18080.904,19999.0
10010.0,380.8,19040.0,20000.0
10090.0,410.0,20501.025,19999.0
10115.0,429.2,21461.074,19999.0
10195.0,427.2,21361.068,19999.0
10238.0,440.2,22010.0,20000.0
10195.0,430.0,21502.15,19998.0
10256.0,431.8,21590.0,20000.0
10262.0,437.6,21881.094,19999.0
10269.0,448.2,22411.121,19999.0
10324.0,469.2,23460.0,20000.0
10318.0,457.8,22892.29,19998.0
10404.0,490.0,24501.225,19999.0
10410.0,484.6,24231.21,19999.0
10447.0,492.6,24631.232,19999.0
10410.0,480.8,24041.201,19999.0
10460.0,474.4,23721.186,19999.0
10472.0,488.0,24401.22,19999.0
10460.0,485.6,24281.215,19999.0
10447.0,465.0,23251.162,19999.0
10509.0,480.2,24011.201,19999.0
10509.0,484.0,24200.0,20000.0
10533.0,494.4,24722.473,19998.0
10521.0,493.0,24650.0,20000.0
10552.0,487.4,24371.219,19999.0
10515.0,492.6,24632.463,19998.0
10527.0,489.8,24491.225,19999.0
10503.0,474.6,23730.0,20000.0
10589.0,486.6,24331.217,19999.0
10589.0,483.2,24161.209,19999.0
10540.0,468.2,23411.172,19999.0
10533.0,465.2,23255.35,20004.0
10139.0,471.2,23562.357,19998.0
10878.0,487.2,24367.31,19994.0
10780.0,496.6,24830.0,20000.0
9880.0,485.0,24251.213,19999.0
10546.0,489.4,24471.223,19999.0
10299.0,446.4,22321.115,19999.0
10102.0,441.2,22061.104,19999.0
10102.0,438.6,21931.098,19999.0
9998.0,390.6,19530.977,19999.0
10071.0,424.2,21211.06,19999.0
10225.0,436.8,21841.092,19999.0
10078.0,429.8,21491.074,19999.0
10059.0,444.2,22205.559,20004.0
7614.0,386.0,19300.965,19999.0
2482.0,160.8,8042.413,19994.0
1817.0,155.2,7760.3877,19999.0
2248.0,188.6,9430.472,19999.0
4139.0,348.4,17420.0,20000.0
5008.0,351.0,17551.756,19998.0
4916.0,348.2,17410.871,19999.0
4534.0,314.6,15730.787,19999.0
3979.0,272.4,13620.681,19999.0
3431.0,243.4,12170.0,20000.0
2612.0,176.2,8810.881,19998.0
1663.0,123.4,6170.3086,19999.0
1072.0,92.0,4600.0,20000.0
838.0,77.4,3870.3872,19998.0
739.0,64.6,3230.0,20000.0
1768.0,170.0,8500.425,19999.0
2519.0,195.8,9790.9795,19998.0
2421.0,184.6,9227.693,20005.0
1602.0,125.0,6251.8755,19994.0
1177.0,64.2,3209.1975,20005.0
3973.0,56.6,2829.5754,20003.0
-949.0,119.6,5981.1963,19996.0
-1349.0,-73.6,-3681.8408,19990.0
-813.0,-64.4,-3220.1611,19999.0
-622.0,-51.8,-2590.0,20000.0
-203.0,-38.0,-1898.9556,20011.0
-2014.0,-18.8,-940.094,19998.0
-6918.0,-230.8,-11545.773,19990.0
-9406.0,-315.6,-15780.789,19999.0
-9030.0,-153.2,-7605.997,20142.0
-5199.0,-67.2,-3384.3672,19856.0
-7527.0,-190.6,-9530.477,19999.0
-8710.0,-196.2,-9810.49,19999.0
-8285.0,-161.8,-8090.405,19999.0
-8950.0,-206.6,-10263.799,20129.0
-8963.0,-262.6,-13215.903,19870.0
-9357.0,-258.4,-12921.292,19998.0
-9406.0,-269.8,-13483.932,20009.0
-7213.0,-260.4,-13026.513,19990.0
-6647.0,-218.4,-10915.634,20008.0
-5864.0,-303.8,-15190.759,19999.0
-2581.0,-125.0,-6250.625,19998.0
-6376.0,-294.2,-14716.623,19991.0
-9209.0,-421.0,-21052.105,19998.0
-10182.0,-436.8,-21841.092,19999.0
-9665.0,-277.6,-13880.0,20000.0
-9585.0,-316.8,-15841.584,19998.0
-9844.0,-355.0,-17750.0,20000.0
-9831.0,-335.2,-16760.838,19999.0
-9597.0,-331.2,-16561.656,19998.0
-9702.0,-347.0,-17350.0,20000.0
-9782.0,-343.2,-17161.717,19998.0
-9708.0,-361.4,-18070.0,20000.0
-9782.0,-364.0,-18200.91,19999.0
-9825.0,-380.4,-19020.951,19999.0
-9868.0,-378.4,-18916.217,20004.0
-7725.0,-322.6,-16130.807,19999.0
456.0,-130.0,-6501.9507,19994.0
1651.0,86.4,4320.2163,19999.0
4435.0,39.2,1960.098,19999.0
6862.0,22.8,1140.0,20000.0
6240.0,22.8,1140.114,19998.0
6314.0,13.4,670.0335,19999.0
6228.0,13.4,670.0335,19999.0
6499.0,12.6,629.8425,20005.0
7441.0,123.2,6161.8486,19994.0
8759.0,198.6,9928.015,20004.0
9129.0,209.2,10463.139,19994.0
9419.0,252.8,12640.632,19999.0
9794.0,261.2,13060.653,19999.0
10028.0,282.6,14130.0,20000.0
10299.0,329.8,16490.824,19999.0
10392.0,317.8,15891.589,19998.0
10466.0,349.8,17490.873,19999.0
10558.0,354.0,17700.885,19999.0
10638.0,391.2,19560.979,19999.0
10694.0,387.2,19360.969,19999.0
10694.0,396.8,19840.992,19999.0
10731.0,407.6,20381.02,19999.0
10774.0,411.8,20590.0,20000.0
10798.0,416.6,20832.084,19998.0
10829.0,422.4,21120.0,20000.0
10903.0,437.0,21851.092,19999.0
10983.0,456.8,22841.14,19999.0
10965.0,435.4,21771.088,19999.0
10958.0,432.8,21642.164,19998.0
10965.0,452.2,22610.0,20000.0
10971.0,426.6,21331.066,19999.0
10989.0,445.2,22261.113,19999.0
11020.0,452.4,22621.13,19999.0
11045.0,447.8,22391.12,19999.0
11008.0,443.2,22161.11,19999.0
10989.0,454.0,22695.46,20004.0
10965.0,435.6,21786.537,19994.0
10965.0,437.2,21855.629,20004.0
10700.0,437.2,21866.56,19994.0
10281.0,416.0,20801.041,19999.0
9985.0,408.4,20421.021,19999.0
9998.0,424.2,21211.06,19999.0
9979.0,378.4,18920.0,20000.0
10004.0,406.2,20312.031,19998.0
9942.0,406.0,20300.0,20000.0
9831.0,403.0,20151.008,19999.0
9930.0,398.0,19900.994,19999.0
9985.0,396.4,19820.99,19999.0
9979.0,417.8,20891.043,19999.0
9954.0,398.2,19910.0,20000.0
10028.0,406.8,20342.033,19998.0
10096.0,404.8,20241.012,19999.0
10139.0,410.2,20510.0,20000.0
10182.0,422.0,21101.055,19999.0
10244.0,424.2,21066.746,20136.0
10275.0,423.2,21308.092,19861.0
10318.0,446.6,22331.117,19999.0
10373.0,436.0,21800.0,20000.0
10460.0,444.2,22211.111,19999.0
10460.0,449.8,21381.375,21037.0
10496.0,446.6,22333.35,19997.0
10577.0,477.0,23852.385,19998.0
10540.0,478.8,23936.408,20003.0
10583.0,453.0,22654.531,19996.0
10589.0,467.2,23361.168,19999.0
10607.0,471.0,23551.178,19999.0
10620.0,476.0,23802.38,19998.0
10706.0,499.0,24948.752,20001.0
10755.0,508.0,25402.541,19998.0
10749.0,509.2,25462.547,19998.0
10712.0,487.0,24350.0,20000.0
10731.0,490.8,24541.227,19999.0
10737.0,496.0,24800.0,20000.0
10743.0,500.2,25012.502,19998.0
10786.0,498.8,24941.246,19999.0
10774.0,502.2,25110.0,20000.0
10780.0,518.4,25921.297,19999.0
10798.0,504.8,25078.244,20129.0
10804.0,508.6,25597.664,19869.0
10841.0,516.6,25832.582,19998.0
10897.0,530.2,26510.0,20000.0
10903.0,514.8,25740.0,20000.0
10829.0,507.8,25228.537,20128.0
10829.0,503.0,25317.094,19868.0
10829.0,498.0,24892.533,20006.0
11143.0,525.8,26300.52,19992.0
11266.0,513.8,25691.283,19999.0
11242.0,511.0,25551.277,19999.0
11310.0,513.2,25661.283,19999.0
11291.0,524.2,26204.76,20004.0
11291.0,532.2,26611.332,19999.0
11051.0,513.2,25667.701,19994.0
10145.0,488.4,24418.78,20001.0
10589.0,498.2,24911.246,19999.0
10490.0,506.4,25322.531,19998.0
10503.0,474.2,23708.814,20001.0
10472.0,474.6,23733.56,19997.0
10447.0,489.0,24451.223,19999.0
10330.0,459.0,22950.0,20000.0
10102.0,447.4,22372.236,19998.0
10115.0,463.0,23148.842,20001.0
10090.0,437.8,21892.19,19998.0
10078.0,439.2,21961.1,19999.0
10133.0,460.4,23021.15,19999.0
10090.0,433.2,21651.34,20008.0
9203.0,413.0,20653.098,19997.0
6185.0,312.8,15648.606,19989.0
4152.0,270.0,13500.675,19999.0
3425.0,229.8,11490.574,19999.0
2981.0,215.2,10761.076,19998.0
2760.0,216.8,10840.0,20000.0
3289.0,260.4,13020.65,19999.0
4041.0,296.8,14840.741,19999.0
3973.0,282.6,14121.527,20012.0
1140.0,222.6,11131.113,19998.0
-4706.0,-74.4,-3720.186,19999.0
-6351.0,-99.8,-4992.2466,19991.0
-6258.0,-99.8,-4990.0,20000.0
-6178.0,-99.8,-4990.9985,19996.0
-6055.0,-21.2,-1060.0,20000.0
-7158.0,-95.4,-4770.477,19998.0
-8334.0,-167.8,-8390.0,20000.0
-7688.0,-89.0,-4450.2227,19999.0
-8248.0,-164.0,-8143.4033,20139.0
-7133.0,-201.8,-10158.06,19866.0
-5390.0,-139.2,-6963.4814,19990.0
-610.0,-81.8,-4090.4092,19998.0
-55.0,-15.4,-770.0,20000.0
-18.0,-8.4,-400.68686,20964.0
-240.0,-5.2,-260.039,19997.0
-715.0,-55.6,-2780.0,20000.0
-1096.0,-102.4,-5120.256,19999.0
-1115.0,-104.4,-5220.261,19999.0
-850.0,-76.8,-3840.1921,19999.0
-111.0,-60.4,-3020.1511,19999.0
18.0,-9.6,-480.02402,19999.0
-6.0,-9.6,-480.02402,19999.0
-6.0,-5.2,-260.013,19999.0
-6.0,-5.2,-260.013,19999.0
-6.0,0.0,0.0,19999.0
-6.0,6.6,330.0165,19999.0
-6.0,6.6,330.0165,19999.0
0.0,0.0,0.0,19999.0
0.0,0.0,0.0,19999.0
0.0,0.0,0.0,19999.0
0.0,0.0,0.0,19999.0
-6.0,0.0,0.0,19999.0
0.0,0.0,0.0,19999.0
-6.0,0.0,0.0,19999.0
-6.0,0.0,0.0,19999.0
6.0,0.0,0.0,19999.0
0.0,0.0,0.0,19998.0
0.0,0.0,0.0,19999.0
-6.0,0.0,0.0,19998.0
6.0,0.0,0.0,19999.0
6.0,0.0,0.0,20000.0
0.0,0.0,0.0,19998.0
0.0,0.0,0.0,20000.0
-6.0,0.0,0.0,19999.0
0.0,0.0,0.0,19999.0
0.0,0.0,0.0,19999.0
0.0,0.0,0.0,19999.0
0.0,0.0,0.0,19999.0
0.0,0.0,0.0,19999.0
6.0,0.0,0.0,19999.0
0.0,0.0,0.0,19998.0
-6.0,0.0,0.0,19999.0
0.0,0.0,0.0,19999.0
-6.0,0.0,0.0,19999.0
0.0,0.0,0.0,20000.0
-6.0,0.0,0.0,19998.0
0.0,0.0,0.0,19999.0
6.0,0.0,0.0,19999.0
0.0,0.0,0.0,19999.0
0.0,0.0,0.0,20000.0
-6.0,0.0,0.0,19998.0
0.0,0.0,0.0,19999.0
0.0,0.0,0.0,19999.0
