,left_voltage,right_voltage,left_velo,right_velo,dt
0,0,0,0.0,-0.0,31
1,0,6,0.0,-0.0,19201
2,6,6,0.0,-0.0,19998
3,6,0,0.0,-0.0,19999
4,0,0,0.0,-0.0,20000
5,-12,0,0.0,-0.0,20000
6,0,0,0.0,-0.0,19998
7,-6,0,0.0,-0.0,20000
8,0,6,0.0,-0.0,20000
9,-6,0,0.0,-0.0,19999
10,0,0,0.0,-0.0,20000
11,-6,0,0.0,-0.0,19998
12,0,0,0.0,-0.0,20002
13,0,12,0.0,-0.0,19996
14,0,6,0.0,-0.0,19999
15,0,0,0.0,-0.0,20000
16,0,0,0.0,-0.0,19999
17,-6,6,0.0,-0.0,20001
18,0,0,0.0,-0.0,19997
19,0,-6,0.0,-0.0,19998
20,0,0,0.0,-0.0,20000
21,0,0,0.0,-0.0,19999
22,0,0,0.0,-0.0,20002
23,-6,0,0.0,-0.0,19996
24,0,6,0.0,-0.0,19999
25,0,6,0.0,-0.0,19999
26,-6,0,0.0,-0.0,19999
27,0,0,0.0,-0.0,19999
28,0,6,0.0,-0.0,19999
29,0,6,0.0,-0.0,19999
30,-6,0,0.0,-0.0,19999
31,-12,6,0.0,-0.0,19999
32,0,0,0.0,-0.0,20000
33,0,0,0.0,-0.0,19998
34,0,6,0.0,-0.0,19999
35,-6,0,0.0,-0.0,20000
36,-6,0,0.0,-0.0,19998
37,0,0,0.0,-0.0,20000
38,-6,0,0.0,-0.0,19999
39,6,0,0.0,-0.0,19999
40,-6,12,0.0,-0.0,20000
41,-6,6,0.0,-0.0,19999
42,-6,-6,0.0,-0.0,20000
43,0,0,0.0,-0.0,19999
44,0,6,0.0,-0.0,19999
45,-6,0,0.0,-0.0,20059
46,-6,0,0.0,-0.0,19939
47,-6,0,0.0,-0.0,19999
48,0,6,0.0,-0.0,19999
49,0,0,0.0,-0.0,19999
50,0,0,0.0,-0.0,20058
51,-6,0,0.0,-0.0,19940
52,0,6,0.0,-0.0,19999
53,0,0,0.0,-0.0,19999
54,-6,0,0.0,-0.0,19999
55,0,0,0.0,-0.0,20964
56,0,0,0.0,-0.0,19998
57,6,0,0.0,-0.0,19999
58,-6,0,0.0,-0.0,20000
59,-6,0,0.0,-0.0,20014
60,-930,-906,0.0,-0.0,19996
61,-3739,-4084,-71.400002,-23.6,19990
62,-8088,-8365,-160.600006,-227.800003,20009
63,-5833,-5649,-86.400002,-134.399994,19990
64,-5809,-4029,-38.400002,-0.0,19999
65,-7700,-7897,-166.800003,-207.199997,20000
66,-7546,-9191,-120.800003,-213.399994,19999
67,-7392,-7490,-115.599998,-105.800003,19998
68,-8704,-8390,-238.600006,-204.0,20000
69,-8495,-9289,-211.199997,-279.0,19998
70,-9363,-9123,-255.800003,-268.600006,20000
71,-9246,-9585,-280.200012,-309.799988,19999
72,-9129,-9813,-255.600006,-324.0,19999
73,-9696,-9837,-319.600006,-310.600006,19999
74,-9930,-10004,-321.399994,-370.0,19999
75,-10059,-10115,-339.399994,-367.600006,19999
76,-10182,-10195,-352.600006,-379.399994,19999
77,-10250,-10281,-371.0,-387.600006,20000
78,-10342,-10386,-385.399994,-415.799988,19998
79,-10392,-10441,-397.0,-425.0,19999
80,-10484,-10521,-415.399994,-438.200012,20006
81,-8556,-7287,-357.200012,-367.200012,19989
82,-4349,-4410,-264.799988,-268.399994,19999
83,-3560,-3665,-248.399994,-253.399994,19999
84,-3215,-3345,-242.800003,-239.199997,20012
85,-3068,474,-224.600006,-158.199997,19999
86,-6363,4367,-338.399994,-113.400002,19990
87,-10078,5587,-533.400024,-113.400002,19999
88,-10848,5532,-471.799988,-115.199997,19999
89,-10429,5624,-382.200012,-95.400002,19999
90,-9979,5642,-288.0,-95.400002,19999
91,-9917,5630,-314.0,-127.0,20000
92,-9880,5809,-304.399994,13.4,19998
93,-9782,7989,-323.0,201.600006,19999
94,-9807,7860,-302.0,129.399994,19999
95,-9917,7466,-343.0,159.199997,20000
96,-9862,8310,-317.200012,212.399994,19999
97,-9819,9160,-335.200012,248.800003,19998
98,-9819,9074,-326.200012,244.800003,19999
99,-9899,9474,-341.600006,295.399994,19999
100,-9874,9628,-350.0,286.200012,19999
101,-9887,9646,-314.799988,317.600006,20001
102,-9936,9874,-353.799988,317.799988,19998
103,-10004,9954,-342.0,334.0,20000
104,-10016,9961,-359.399994,338.0,19999
105,-10034,10071,-333.799988,365.399994,19999
106,-10182,10207,-377.0,400.799988,19998
107,-10188,10244,-353.799988,396.200012,20000
108,-10256,10299,-374.0,410.200012,20008
109,-6733,8562,-290.399994,376.799988,19997
110,-5519,5679,-309.799988,297.799988,19989
111,-3887,3838,-255.0,245.0,19999
112,-3222,2790,-222.800003,189.0,20000
113,-2661,2439,-192.199997,183.600006,20000
114,-2255,3197,-184.199997,261.399994,20012
115,-2526,1774,-191.600006,275.600006,19998
116,-5963,-4263,-263.600006,30.6,19990
117,-9911,-5599,-512.0,-17.4,19998
118,-10219,-5538,-280.200012,-17.4,20000
119,-9406,-6024,-200.0,-11.8,19999
120,-8772,-5981,-199.800003,-5.8,19999
121,-8833,-6831,-251.199997,-114.599998,19998
122,-9412,-8045,-250.600006,-163.800003,20000
123,-8636,-7903,-255.0,-137.600006,19999
124,-9548,-8341,-311.399994,-195.0,19999
125,-9708,-8987,-328.600006,-256.0,19999
126,-9745,-9511,-306.799988,-270.0,19999
127,-9844,-9209,-348.600006,-284.0,20004
128,-8273,-9862,-306.0,-315.399994,19999
129,-6320,-10392,-275.399994,-338.399994,19994
130,-3671,-10669,-246.600006,-378.0,20000
131,-3061,-10798,-220.0,-387.200012,19998
132,-2618,-10860,-198.399994,-396.399994,20005
133,2439,-10749,-155.800003,-406.0,19998
134,2433,-10657,17.200001,-420.399994,19994
135,4885,-10570,0.0,-434.399994,20000
136,6696,-10090,41.799999,-424.200012,19998
137,5735,-10484,41.799999,-459.600006,20000
138,5735,-10373,60.799999,-433.799988,19999
139,5833,-10379,56.200001,-419.0,19998
140,6222,-10336,37.799999,-415.399994,20000
141,7866,-10213,148.800003,-409.399994,19999
142,7792,-10201,135.399994,-418.799988,20000
143,7940,-10188,167.199997,-425.799988,19998
144,8119,-10102,194.600006,-394.0,19999
145,8759,-10078,217.0,-409.0,19999
146,8655,-10078,231.0,-395.200012,19999
147,9529,-10115,289.0,-413.799988,20008
148,7115,-8661,263.200012,-390.600006,19999
149,1749,-6955,178.399994,-342.399994,19999
150,-2131,-3302,19.200001,-196.199997,20000
151,-3807,-5642,-32.200001,-265.200012,19990
152,-6850,-9517,-72.199997,-466.200012,19999
153,-5864,-10804,-39.599998,-537.400024,20000
154,-7367,-10466,-123.199997,-473.200012,19998
155,-7669,-9887,-149.800003,-298.200012,20000
156,-7318,-9782,-88.800003,-345.600006,19998
157,-6838,-9961,-81.0,-338.200012,19999
158,-7607,-9837,-140.600006,-337.600006,19999
159,-7983,-9905,-151.800003,-370.799988,19999
160,-7583,-9973,-149.399994,-355.0,20000
161,-8316,-10016,-204.199997,-377.799988,19998
162,-8987,-9991,-245.800003,-382.200012,19999
163,-9338,-10059,-261.600006,-403.399994,19999
164,-9505,-10053,-284.200012,-390.399994,20000
165,-9893,-10108,-301.0,-408.799988,19998
166,-10034,-10232,-332.399994,-413.799988,20000
167,-10041,-10275,-315.799988,-423.600006,20004
168,-10379,-8445,-374.200012,-393.399994,19999
169,-10706,-4460,-363.799988,-247.800003,19998
170,-10601,-1521,-378.600006,-205.399994,19995
171,-10306,5279,-398.799988,45.599998,20003
172,-10453,4195,-408.600006,45.599998,19994
173,-10577,2723,-410.0,-71.400002,20000
174,-9911,7127,-379.799988,-20.4,19998
175,-10275,5261,-386.600006,-20.4,20004
176,-8451,5495,-343.600006,-12.4,19995
177,-6074,5298,-276.600006,-12.4,20004
178,-5193,6456,-299.200012,86.199997,20001
179,-3339,7065,-213.199997,145.600006,19993
180,-2667,7768,-196.600006,154.399994,19999
181,-2304,8883,-176.199997,185.0,19999
182,-2076,8729,-161.399994,215.0,20000
183,-1860,8864,-150.199997,215.199997,19999
184,-1873,9178,-155.199997,264.799988,19998
185,-2014,8969,-162.800003,235.0,19999
186,-1805,9782,-146.600006,270.0,20000
187,-1608,10188,-128.800003,320.200012,19998
188,-1275,10416,-110.599998,335.0,20005
189,1127,10355,-78.599998,344.399994,19998
190,6776,10232,160.199997,348.399994,20004
191,2871,7552,97.0,297.0,19990
192,4367,8519,14.8,350.399994,20005
193,2914,7232,109.599998,356.399994,19990
194,31,4410,0.0,260.799988,19999
195,-74,2316,0.0,147.399994,19999
196,43,1146,0.0,95.199997,19999
197,0,1331,-8.6,124.199997,19999
198,450,2563,7.2,223.399994,20011
199,-413,-665,80.0,170.0,20000
200,-3862,-4990,0.0,120.199997,19998
201,-4534,-2328,-91.800003,-0.0,19990
202,-3443,-4380,-29.0,22.4,19999
203,-7201,-7755,-145.399994,-36.799999,19999
204,-7503,-6505,-136.399994,-53.400002,19999
205,-7669,-6757,-117.0,-80.400002,19999
206,-7509,-8365,-145.0,-184.399994,19999
207,-7589,-8088,-168.600006,-160.600006,20000
208,-8575,-8236,-246.0,-185.600006,19998
209,-9000,-8568,-244.800003,-260.0,20000
210,-9080,-9394,-246.199997,-285.0,19998
211,-9178,-9455,-262.200012,-271.399994,19999
212,-9431,-9585,-303.0,-304.600006,20000
213,-9646,-9720,-292.799988,-336.799988,19999
214,-9800,-9825,-329.0,-329.399994,19999
215,-9917,-9967,-345.799988,-374.799988,19999
216,-10004,-10053,-343.200012,-382.0,19998
217,-10071,-10096,-374.399994,-384.799988,20000
218,-10164,-10225,-359.799988,-405.399994,19999
219,-10250,-10293,-372.200012,-421.0,19999
220,-10299,-10349,-390.799988,-436.200012,19999
221,-10361,-10361,-393.600006,-429.200012,19999
222,-10429,-10447,-422.799988,-428.600006,19999
223,-10484,-10490,-436.600006,-439.200012,19999
224,-10490,-10503,-433.200012,-434.600006,19999
225,-10570,-10638,-418.0,-451.0,20008
226,-9086,-9462,-438.399994,-447.0,19990
227,-9178,-9659,-415.799988,-447.600006,20008
228,-8045,-8032,-419.399994,-427.799988,19999
229,-2187,-2328,-215.600006,-247.199997,20000
230,3437,3616,0.0,61.200001,19990
231,6037,6468,12.4,70.800003,19998
232,5815,5969,22.200001,70.800003,19999
233,5914,5569,22.200001,63.400002,19999
234,5963,5679,22.200001,60.599998,20000
235,5938,5655,38.400002,60.599998,19998
236,5932,5642,35.0,39.599998,19999
237,5901,5698,35.0,-0.0,20000
238,5975,6400,45.400002,48.799999,19998
239,7780,7706,160.600006,159.800003,19999
240,7503,8445,134.800003,266.399994,19999
241,8193,9154,194.600006,222.399994,19999
242,8427,7866,215.800003,169.600006,20000
243,8852,8421,222.199997,238.600006,19999
244,8969,9394,248.399994,266.600006,19998
245,9147,9141,265.399994,248.600006,20000
246,9449,9388,287.600006,297.0,19999
247,9628,9708,312.200012,330.399994,19999
248,9702,9819,311.200012,326.200012,19999
249,9782,9856,331.399994,334.0,19998
250,9917,9985,356.600006,364.399994,20000
251,9985,10078,353.0,387.200012,19999
252,10078,10182,373.600006,389.799988,19999
253,10115,10244,373.600006,412.399994,19999
254,10250,10324,408.399994,411.200012,19999
255,10306,10379,412.600006,412.799988,20000
256,10330,10410,409.0,422.399994,19999
257,10441,10496,433.399994,453.799988,20000
258,10515,10595,432.399994,445.600006,19999
259,10527,10638,439.200012,473.0,19999
260,10583,10657,444.799988,465.399994,20005
261,10768,9338,453.799988,417.600006,19993
262,11014,7232,477.200012,358.200012,20004
263,11063,6493,476.600006,366.799988,19995
264,11156,4743,485.399994,298.399994,20008
265,9794,1072,442.799988,273.600006,19995
266,8624,-7133,431.799988,-133.399994,19994
267,10182,-5014,497.399994,21.4,19999
268,10527,-6382,489.200012,13.0,19999
269,10509,-6104,480.0,13.0,19999
270,10509,-6104,499.200012,8.8,20000
271,10509,-6098,472.600006,8.8,19998
272,10484,-6068,468.200012,-0.0,19999
273,10453,-6209,468.799988,-14.6,19999
274,10367,-7435,456.600006,-141.800003,19999
275,10201,-8827,437.399994,-231.0,20000
276,10096,-9283,438.799988,-234.600006,19998
277,10182,-9585,431.600006,-269.799988,19999
278,10059,-9739,402.600006,-296.200012,20000
279,10115,-9948,416.399994,-323.600006,19998
280,10238,-10164,410.399994,-375.200012,20001
281,10287,-10225,426.0,-365.600006,19998
282,10293,-10312,399.399994,-408.600006,20000
283,10293,-10379,379.0,-428.0,20000
284,10355,-10460,411.600006,-465.0,19998
285,10330,-10484,371.799988,-464.399994,20000
286,10349,-10533,372.0,-476.600006,20000
287,10373,-10607,371.799988,-500.200012,20000
288,10367,-10657,371.600006,-512.400024,19999
289,10379,-10620,381.399994,-495.200012,19999
290,10361,-10626,366.399994,-491.0,19999
291,10361,-10638,375.399994,-519.400024,19999
292,10379,-10669,369.0,-529.200012,20008
293,7700,-10768,291.0,-525.799988,19997
294,5519,-7503,236.0,-398.399994,19990
295,2002,-3838,115.800003,-199.600006,20000
296,912,-1509,62.0,-95.800003,19999
297,55,-142,45.400002,-69.599998,19999
298,-43,129,11.0,-0.0,19999
299,-12,265,11.0,16.4,19999
300,-197,745,-5.6,58.599998,19999
301,-708,1423,-50.200001,130.199997,19999
302,-869,1768,-86.199997,145.399994,19999
303,-918,1768,-87.400002,140.399994,19999
304,-819,1595,-75.800003,128.600006,19999
305,-715,1140,-67.199997,100.800003,19999
306,-641,788,-47.799999,69.0,19999
307,-363,419,-33.200001,33.799999,20000
308,-55,18,-33.200001,33.799999,19998
309,0,-25,-34.0,33.799999,20012
310,690,-678,-34.0,32.400002,19999
311,4817,-3345,159.199997,-66.0,19990
312,8679,-8464,169.199997,-337.799988,19999
313,7164,-8833,68.0,-143.800003,19998
314,6511,-6597,67.199997,-59.799999,20000
315,7059,-7614,95.599998,-146.600006,20008
316,2883,-5458,125.400002,-148.800003,19990
317,4392,-3659,29.6,-17.0,20006
318,5353,-4725,142.600006,-172.800003,19989
319,-265,524,-65.599998,77.400002,19999
320,-702,961,-58.0,91.199997,19999
321,-530,801,-41.0,78.199997,19998
322,-55,487,-32.200001,52.0,20012
323,1072,1244,-32.200001,27.799999,19999
324,5285,5686,105.800003,210.399994,19990
325,6924,9049,101.0,404.600006,19999
326,6684,9776,54.400002,285.200012,19998
327,6671,6838,35.200001,86.400002,20009
328,5464,4694,87.0,32.599998,19996
329,2168,2686,38.400002,89.0,20003
330,-1164,-702,15.4,45.200001,19999
331,-5082,-5649,-196.800003,-205.800003,19989
332,-8093,-8895,-169.399994,-256.600006,19999
333,-6850,-6351,-87.800003,-89.199997,19999
334,-5809,-5236,-87.800003,-21.6,20000
335,-6585,-7022,-52.0,-105.599998,19999
336,-7638,-7577,-132.600006,-149.600006,19998
337,-7897,-7780,-136.600006,-119.0,20000
338,-7096,-7792,-94.800003,-139.0,19999
339,-8236,-8408,-191.399994,-222.800003,20126
340,-8575,-8858,-237.199997,-239.0,19872
341,-9012,-9209,-221.0,-265.0,19998
342,-8993,-9369,-254.399994,-244.800003,20000
343,-9203,-9123,-265.600006,-265.799988,19998
344,-9462,-9492,-287.799988,-276.799988,19999
345,-9505,-9517,-272.399994,-272.799988,20000
346,-9566,-9585,-291.600006,-298.600006,19998
347,-9511,-9523,-271.0,-271.600006,20000
348,-9215,-9129,-250.399994,-175.800003,19999
349,-8384,-8421,-190.600006,-179.600006,19999
350,-8267,-8039,-227.0,-115.599998,20000
351,-8020,-7989,-112.0,-143.199997,19998
352,-6345,-6640,-71.800003,-107.0,20000
353,-5575,-5907,-18.200001,-107.0,20008
354,-4737,-4552,-31.0,-113.800003,19996
355,-2723,-2064,-31.0,-0.0,20002
356,1368,1552,79.599998,101.199997,19989
357,6696,5599,309.600006,262.0,20000
358,9609,9807,284.200012,439.200012,19999
359,9135,9277,185.600006,190.0,19999
360,7922,5513,101.400002,79.800003,20000
361,6825,7263,85.199997,130.399994,19999
362,7835,8568,153.0,223.199997,19999
363,7940,8242,157.199997,149.0,19999
364,8230,8297,203.199997,188.800003,19999
365,7934,9049,209.399994,258.0,19999
366,9123,9221,251.600006,259.399994,19999
367,9166,9265,264.600006,263.600006,19999
368,9474,9455,283.600006,298.399994,20000
369,9529,9591,286.200012,307.0,19998
370,9609,9763,304.399994,337.600006,20000
371,9757,9844,311.399994,346.0,19998
372,9807,9874,340.600006,327.0,20000
373,9887,9954,347.200012,365.799988,19999
374,9979,10059,363.200012,389.0,19998
375,10034,10078,372.0,362.200012,20000
376,10102,10213,385.600006,407.799988,19999
377,10238,10324,411.0,424.399994,19999
378,10275,10349,400.200012,420.399994,19999
379,10318,10410,411.0,439.399994,19999
380,10355,10435,407.0,436.600006,20132
381,10416,10472,419.0,439.799988,19866
382,10453,10509,438.600006,438.0,19999
383,10484,10601,431.799988,461.200012,20000
384,10583,10626,469.799988,454.600006,19998
385,10644,10731,456.399994,480.399994,21079
386,9104,8963,414.0,407.799988,19997
387,5113,-1133,326.600006,177.0,19999
388,6024,-3831,281.200012,-35.400002,19989
389,9277,-7725,498.0,-98.400002,19998
390,10737,-5624,574.200012,-36.599998,19999
391,10509,-6462,456.200012,-19.6,20002
392,10299,-6024,421.0,-19.6,19999
393,10232,-6258,433.200012,-15.8,19998
394,10287,-6086,435.399994,-15.8,19999
395,10275,-6295,442.799988,-11.0,20001
396,10182,-6277,411.799988,-10.0,20001
397,9985,-8039,428.600006,-157.0,19999
398,9936,-8310,375.799988,-165.600006,19998
399,9850,-8581,399.399994,-190.800003,19997
400,9917,-9061,396.200012,-231.600006,20007
401,8464,-4872,338.200012,-122.599998,20000
402,4503,-2107,240.600006,-100.400002,19989
403,3031,-973,214.399994,-78.0,19999
404,2569,-795,184.199997,-70.199997,19998
405,2322,-973,178.399994,-91.400002,20011
406,-2205,-3191,128.399994,-187.800003,20003
407,-5858,-8106,0.0,-410.600006,19996
408,-2144,-10373,0.0,-525.799988,19988
409,-5532,-10195,-34.799999,-398.799988,20000
410,-6258,-9419,-42.0,-187.399994,20004
411,-6191,-3049,-20.799999,-88.400002,20002
412,-7127,-1250,-64.599998,-70.800003,19992
413,-7879,-542,-156.600006,-39.200001,19997
414,-8008,-142,-133.0,-32.200001,20000
415,-8223,-807,-140.399994,-22.4,19999
416,-8673,-2242,-240.399994,-189.600006,20002
417,-9492,-2452,-258.600006,-193.600006,19999
418,-9178,-2316,-219.399994,-172.199997,19995
419,-9228,-2125,-244.800003,-159.0,20001
420,-9770,-1854,-272.799988,-148.199997,19997
421,-9887,-1657,-278.200012,-132.800003,20004
422,-9825,-1029,-292.799988,-88.599998,19998
423,-9905,-739,-310.0,-60.599998,19996
424,-10392,-431,-321.200012,-32.799999,20005
425,-10410,-2181,-338.200012,-32.400002,19993
426,-10466,-2563,-318.200012,-127.0,20010
427,-10225,-5581,-355.799988,-230.199997,19991
428,-10059,-9382,-343.200012,-405.0,19996
429,-9973,-9948,-346.200012,-354.0,20000
430,-9591,-9351,-354.200012,-164.0,20003
431,-10484,-2476,-371.799988,-70.400002,20000
432,-10681,-62,-395.600006,-0.0,19996
433,-10570,12,-332.600006,-0.0,19997
434,-10638,-659,-370.600006,-49.200001,20001
435,-10675,-2002,-388.399994,-181.0,19998
436,-10718,-2877,-370.799988,-225.0,20000
437,-10724,-2834,-377.799988,-209.199997,20000
438,-10761,-2427,-399.399994,-178.600006,19997
439,-10761,-1916,-391.600006,-148.600006,20006
440,-10774,-2064,-398.799988,-121.0,19996
441,-10441,-5981,-389.399994,-241.800003,19997
442,-10176,-9566,-372.799988,-356.0,20000
443,-10010,-9776,-404.0,-281.799988,19996
444,-9726,-9265,-375.399994,-190.800003,20000
445,-9899,-9289,-393.799988,-266.200012,19998
446,-9887,-9683,-361.799988,-293.0,20000
447,-9905,-9800,-372.799988,-312.200012,20000
448,-9998,-9868,-402.0,-336.600006,19997
449,-10065,-9973,-406.0,-349.200012,20001
450,-10108,-10090,-379.799988,-379.799988,19997
451,-10275,-10201,-425.0,-404.399994,20001
452,-10207,-10232,-397.399994,-409.0,20001
453,-10293,-10269,-422.600006,-412.600006,19995
454,-10367,-10342,-434.600006,-407.200012,19999
455,-10410,-10410,-434.600006,-447.200012,20001
456,-10460,-10484,-426.399994,-463.799988,20000
457,-10496,-10527,-426.799988,-461.399994,20001
458,-10570,-10626,-450.399994,-474.0,19995
459,-10601,-10663,-449.600006,-485.0,19999
460,-10607,-10589,-455.0,-458.0,20000
461,-10601,-10638,-446.399994,-466.200012,20000
462,-10706,-10694,-497.799988,-485.0,20001
463,-10743,-10749,-481.0,-478.600006,19995
464,-10743,-10786,-464.600006,-490.399994,19999
465,-10786,-10811,-510.0,-504.799988,20001
466,-10780,-10798,-490.200012,-510.399994,19999
467,-10798,-10823,-476.600006,-494.399994,20008
468,-10983,-10232,-503.600006,-486.0,19989
469,-10885,-10367,-492.399994,-502.0,20005
470,-11149,-7540,-503.399994,-464.0,19994
471,-11180,-6400,-479.799988,-414.0,20001
472,-11217,-5661,-514.200012,-374.799988,20001
473,-11242,-4842,-507.200012,-319.399994,19994
474,-11279,-4386,-509.799988,-308.600006,20000
475,-11266,-4337,-514.0,-312.0,20001
476,-11217,-5667,-499.399994,-438.200012,19999
477,-11223,-6178,-490.799988,-430.600006,19999
478,-11211,-5994,-498.399994,-428.600006,19998
479,-11149,-5710,-470.600006,-389.799988,19998
480,-11205,-5279,-490.399994,-355.399994,20000
481,-11162,-4410,-474.200012,-299.600006,20001
482,-11156,-3641,-494.799988,-248.800003,19998
483,-11211,-3283,-485.600006,-243.199997,19998
484,-11199,-3105,-497.0,-230.600006,19998
485,-11211,-3850,-499.399994,-293.399994,20001
486,-11205,-4176,-482.799988,-303.399994,20005
487,-11174,-3831,-482.600006,-258.200012,19999
488,-10804,-7577,-482.200012,-376.0,19994
489,-10749,-10355,-460.799988,-515.0,19998
490,-10786,-10743,-484.200012,-474.799988,20001
491,-10355,-10108,-436.399994,-289.399994,19999
492,-10213,-9924,-459.200012,-293.200012,19999
493,-10379,-10188,-465.799988,-375.399994,19998
494,-10386,-10269,-435.200012,-370.200012,20002
495,-10958,-5162,-475.200012,-255.399994,19999
496,-11088,-2427,-451.600006,-152.600006,19999
497,-11112,-1762,-475.799988,-143.600006,19998
498,-11106,-2082,-477.600006,-174.600006,19998
499,-11106,-3579,-455.0,-299.399994,19999
500,-11045,-4743,-452.0,-343.200012,19996
501,-11076,-4762,-459.0,-329.799988,20003
502,-11057,-4404,-441.0,-297.399994,19998
503,-11076,-3628,-459.600006,-245.0,19998
504,-11094,-2452,-459.600006,-170.800003,19999
505,-11063,-1990,-444.600006,-151.600006,20000
506,-11057,-1712,-455.600006,-143.199997,20002
507,-11045,-1478,-441.200012,-121.0,20001
508,-10872,-4010,-455.0,-178.600006,19995
509,-10490,-8556,-430.399994,-410.799988,19998
510,-10620,-10435,-445.200012,-521.599976,19999
511,-10275,-10293,-407.0,-379.399994,20002
512,-9973,-9665,-416.600006,-218.0,19997
513,-9967,-9462,-404.200012,-281.0,20002
514,-10053,-9899,-396.399994,-344.799988,19996
515,-10102,-9973,-421.200012,-332.200012,20003
516,-9006,-10342,-338.600006,-377.399994,20001
517,-5334,-10632,-292.600006,-400.0,19994
518,-4010,-10786,-269.799988,-418.0,20000
519,-3604,-10841,-261.399994,-415.600006,19995
520,-3308,-10958,-244.600006,-419.200012,20000
521,-3203,-10995,-228.0,-437.600006,20002
522,-3456,-11026,-268.799988,-445.799988,19996
523,-3751,-11045,-278.600006,-447.399994,19998
524,-3807,-11125,-277.600006,-477.0,20001
525,-3622,-11168,-263.399994,-480.799988,19999
526,-3345,-11174,-233.0,-491.0,20008
527,-1749,-11205,-161.600006,-502.799988,19998
528,-6240,-10971,-268.0,-476.600006,19993
529,-9874,-10663,-470.200012,-470.399994,19999
530,-10392,-10669,-285.399994,-488.200012,19999
531,-10238,-10392,-365.200012,-490.600006,20003
532,-9998,-10349,-294.399994,-484.600006,19998
533,-10090,-10367,-340.200012,-458.600006,19996
534,-10139,-10379,-313.600006,-477.200012,20000
535,-10188,-10373,-362.399994,-468.200012,20004
536,-10607,-6419,-368.399994,-332.600006,19999
537,-10737,-4571,-401.799988,-309.600006,19996
538,-10798,-4121,-389.399994,-291.799988,19996
539,-10854,-3955,-427.0,-282.0,20001
540,-10829,-4392,-401.0,-331.200012,19998
541,-10854,-4909,-425.0,-345.600006,20000
542,-10885,-4879,-424.200012,-344.0,20001
543,-10977,-4940,-433.399994,-352.0,19996
544,-10971,-4786,-425.200012,-329.399994,20000
545,-11026,-4540,-440.399994,-313.399994,19998
546,-10995,-4232,-438.600006,-298.600006,20000
547,-11032,-3967,-431.399994,-272.600006,20000
548,-11008,-3591,-453.0,-258.799988,19997
549,-10983,-3289,-436.0,-233.600006,20001
550,-11057,-3025,-447.600006,-220.399994,19998
551,-11057,-2772,-468.200012,-215.0,19999
552,-11063,-2778,-428.0,-207.600006,20001
553,-11088,-2907,-465.200012,-218.0,19996
554,-11020,-2895,-439.0,-218.399994,20000
555,-11039,-2790,-431.0,-202.600006,19999
556,-11088,-2550,-478.200012,-187.0,20000
557,-11045,-2298,-438.399994,-174.0,20001
558,-11076,-2088,-468.600006,-161.199997,19995
559,-11076,-1829,-453.399994,-142.0,20126
560,-11057,-1639,-454.799988,-133.199997,19873
561,-11002,-1466,-436.399994,-122.800003,20001
562,-10971,-1485,-426.0,-128.199997,20000
563,-10940,-1577,-424.0,-134.0,19996
564,-10946,-1589,-427.799988,-130.600006,20934
565,-10952,-1448,-409.399994,-120.599998,20004
566,-10681,-4669,-421.0,-198.0,19994
567,-10349,-9191,-409.799988,-385.600006,20001
568,-10367,-10108,-437.600006,-356.399994,19998
569,-9973,-9887,-398.799988,-289.799988,19999
570,-9961,-9030,-415.0,-172.199997,19999
571,-9979,-9197,-383.600006,-261.600006,19999
572,-9979,-9579,-400.799988,-302.200012,20000
573,-9979,-9800,-406.200012,-288.200012,19998
574,-10071,-9899,-407.200012,-334.0,19999
575,-10121,-10022,-388.799988,-349.0,20000
576,-10244,-10170,-414.0,-382.600006,19998
577,-10219,-10195,-405.200012,-398.399994,20000
578,-10262,-10275,-392.200012,-408.0,19998
579,-10342,-10336,-441.200012,-427.200012,19999
580,-10373,-10349,-416.799988,-434.0,20000
581,-10466,-10460,-451.200012,-433.399994,19998
582,-10509,-10527,-439.799988,-448.600006,20001
583,-10496,-10521,-429.399994,-456.600006,19998
584,-10521,-10570,-459.200012,-445.600006,19998
585,-10595,-10607,-443.799988,-474.200012,20000
586,-10626,-10657,-462.0,-485.0,19998
587,-10644,-10724,-445.200012,-485.200012,20008
588,-6499,-5279,-369.0,-355.600006,19990
589,-2803,-2433,-205.0,-216.199997,20005
590,-2045,-2162,-154.800003,-176.0,20003
591,906,2045,-132.0,-123.400002,19989
592,6123,5088,35.200001,-67.199997,19999
593,6345,5796,55.400002,-67.199997,19999
594,5784,5630,55.400002,-67.199997,19999
595,5840,5723,61.200001,-56.599998,20130
596,5796,5692,61.200001,-53.599998,19868
597,5821,5692,51.799999,-53.599998,19999
598,6061,5907,12.6,24.0,19999
599,7152,7022,112.599998,107.800003,19999
600,7798,8076,140.600006,197.800003,21038
601,7915,8722,141.199997,218.199997,19997
602,7903,8427,167.0,213.399994,19999
603,8334,8482,205.0,206.800003,20000
604,8778,8833,236.800003,250.399994,20000
605,9123,9184,246.199997,254.399994,19998
606,9141,9338,269.799988,271.799988,20001
607,9394,9449,280.799988,278.799988,19999
608,9523,9560,306.799988,309.399994,19997
609,9646,9776,315.0,332.0,20000
610,9757,9800,331.200012,320.600006,19998
611,9813,9862,339.600006,349.799988,19999
612,9917,9991,362.799988,378.799988,20001
613,10016,10084,374.600006,377.0,19997
614,9979,10041,353.200012,366.399994,20001
615,10004,10084,355.799988,407.399994,19997
616,10053,10188,362.399994,411.200012,20000
617,10071,10232,356.0,409.200012,19999
618,10207,10306,405.399994,428.0,19999
619,10299,10379,411.399994,426.799988,19998
620,10312,10392,410.200012,435.399994,19999
621,10355,10392,438.399994,433.200012,19999
622,10423,10466,429.600006,451.799988,19998
623,10460,10490,438.399994,445.0,20001
624,10564,10620,459.600006,471.399994,19998
625,10570,10644,450.200012,473.200012,19999
626,10595,10657,439.799988,474.799988,20001
627,10503,10657,430.0,495.399994,19997
628,10638,10681,477.399994,478.200012,19998
629,10749,10768,497.0,479.200012,20000
630,10669,10798,441.799988,523.799988,19999
631,10503,10687,427.200012,507.399994,19999
632,10564,10700,457.399994,496.799988,19999
633,10644,10755,470.200012,499.0,19999
634,10644,10724,455.799988,486.200012,19999
635,10607,10706,453.200012,473.200012,19998
636,10650,10743,460.200012,499.600006,20002
637,10724,10860,463.799988,526.599976,19997
638,10706,10835,457.399994,512.599976,19998
639,10712,10768,484.600006,492.0,20000
640,10712,10804,471.600006,495.799988,20005
641,7792,7293,418.799988,418.0,19993
642,5334,5642,348.0,355.0,20010
643,253,-1281,189.0,151.800003,19988
644,-4441,-5661,79.199997,-44.400002,20009
645,-2181,-2107,11.4,45.400002,19998
646,-5556,-6437,0.0,16.799999,19991
647,-5439,-4287,-32.599998,11.8,19999
648,-5870,-6739,-32.599998,11.8,19999
649,-5895,-5926,-44.400002,6.4,19999
650,-5889,-5926,-36.599998,-0.0,20003
651,-6363,-1540,-18.799999,10.8,19999
652,-6838,234,-78.0,18.6,19995
653,-7509,382,-103.199997,29.799999,19999
654,-7238,166,-67.0,26.0,20000
655,-7127,68,-82.599998,16.200001,19998
656,-7244,6,-98.199997,16.200001,19999
657,-7410,6,-110.0,16.200001,20004
658,-8106,2846,-145.199997,13.2,19994
659,-8057,7780,-153.0,355.0,20000
660,-8649,9240,-238.600006,208.0,19998
661,-9449,8285,-368.399994,193.399994,19999
662,-9702,8199,-345.200012,145.0,20000
663,-9154,6258,-163.800003,107.800003,19998
664,-7903,5753,-193.399994,74.0,20137
665,-9246,6911,-283.0,150.0,19861
666,-9252,8279,-237.800003,183.199997,19999
667,-8907,8026,-239.600006,170.199997,19999
668,-9345,8076,-278.799988,175.199997,19998
669,-9486,8562,-277.399994,238.600006,19999
670,-9443,9166,-292.0,252.0,20000
671,-9449,9012,-297.399994,222.199997,19998
672,-9517,9154,-283.600006,271.399994,20001
673,-9566,9505,-294.399994,287.600006,19998
674,-9616,9603,-303.799988,302.200012,19998
675,-9634,9646,-306.600006,317.0,20000
676,-9677,9770,-319.200012,333.399994,19999
677,-9751,9794,-309.600006,320.0,20001
678,-9794,9794,-344.799988,342.200012,19997
679,-9788,9831,-311.799988,348.600006,19999
680,-9887,9917,-342.399994,342.0,20000
681,-9874,9880,-341.600006,359.799988,19998
682,-9973,10004,-361.200012,388.0,20000
683,-9973,10022,-340.200012,374.600006,19998
684,-10022,10065,-358.200012,383.0,19999
685,-10059,10102,-359.600006,404.799988,20006
686,-10306,7681,-374.200012,338.799988,20003
687,-7090,-1577,-295.600006,147.399994,19999
688,-7669,-3733,-356.399994,-78.800003,19990
689,-9653,-7811,-403.200012,-61.200001,19999
690,-9917,-5710,-349.600006,-24.799999,19999
691,-9844,-6622,-364.399994,-18.799999,19999
692,-9954,-6000,-370.799988,-18.799999,19999
693,-9905,-6043,-357.0,-16.799999,20000
694,-9800,-6203,-333.200012,-16.799999,19999
695,-9856,-6486,-377.0,-31.799999,20000
696,-9622,-7903,-343.0,-150.399994,19999
697,-9794,-8476,-368.600006,-177.0,20000
698,-9862,-8618,-379.399994,-218.199997,19997
699,-9862,-9129,-398.0,-240.399994,19999
700,-9831,-9480,-364.600006,-285.399994,20001
701,-9880,-9659,-389.600006,-288.399994,19998
702,-9930,-9794,-380.600006,-318.399994,20000
703,-9967,-9825,-404.0,-317.600006,20000
704,-9998,-9899,-382.399994,-336.200012,19997
705,-10115,-10016,-415.200012,-369.399994,20138
706,-10201,-10115,-402.0,-393.200012,19860
707,-10287,-10244,-429.799988,-406.600006,20000
708,-10361,-10324,-442.399994,-404.0,19999
709,-10416,-10404,-442.200012,-433.200012,19998
710,-10435,-10416,-445.399994,-415.799988,20139
711,-7484,-10798,-376.399994,-464.0,19863
712,-5057,-11002,-324.600006,-463.600006,19995
713,-4176,-11026,-291.600006,-461.0,19999
714,-3770,-11057,-257.799988,-462.0,20000
715,-3634,-11106,-272.399994,-476.399994,19997
716,-3893,-11125,-288.0,-477.200012,20001
717,-4269,-11125,-313.600006,-466.600006,19998
718,-4256,-11162,-305.799988,-483.600006,20000
719,-3967,-11137,-276.600006,-488.399994,20000
720,-3622,-11186,-262.200012,-495.799988,19999
721,-3283,-11174,-233.0,-488.799988,19999
722,-2871,-11199,-209.0,-492.399994,20005
723,-4152,-11039,-208.0,-469.0,19996
724,-6566,-10995,-341.799988,-462.799988,20001
725,-9030,-10743,-431.600006,-470.600006,19993
726,-10262,-10589,-358.600006,-471.600006,20000
727,-9961,-10281,-282.200012,-455.399994,19998
728,-9961,-10250,-297.0,-455.200012,20002
729,-10047,-10330,-325.200012,-474.200012,19997
730,-10176,-10367,-347.399994,-464.200012,19999
731,-10207,-10373,-357.0,-462.799988,19999
732,-10306,-10460,-392.799988,-492.399994,19999
733,-10318,-10490,-361.0,-484.799988,19998
734,-10361,-10466,-406.399994,-463.600006,20000
735,-10379,-10490,-409.799988,-471.200012,19999
736,-10410,-10447,-403.0,-458.600006,20000
737,-10423,-10515,-405.799988,-465.200012,19999
738,-10521,-10620,-434.600006,-473.399994,19999
739,-10570,-10657,-446.600006,-483.799988,19999
740,-10614,-10700,-436.200012,-489.0,19999
741,-10595,-10663,-450.200012,-476.399994,20000
742,-10607,-10669,-461.600006,-490.200012,20004
743,-8451,-11002,-408.600006,-497.399994,19994
744,-8026,-11076,-429.399994,-487.799988,20004
745,-6462,-11211,-391.0,-496.799988,19994
746,-5384,-11230,-359.0,-506.0,20000
747,-4879,-11242,-350.399994,-508.0,19998
748,-4546,-11199,-309.399994,-481.399994,19999
749,-4244,-11254,-304.799988,-505.799988,19999
750,-4404,-11266,-327.0,-523.400024,19999
751,-4743,-11316,-342.799988,-518.0,20123
752,-4564,-11408,-321.399994,-520.0,19875
753,-4269,-11390,-308.399994,-524.0,19999
754,-4041,-11279,-285.399994,-514.400024,19999
755,-3813,-11279,-266.600006,-511.600006,19999
756,-3573,-11291,-261.0,-498.0,20963
757,-3413,-11322,-250.199997,-513.799988,20003
758,-5224,-11285,-292.399994,-522.0,19993
759,-6776,-11180,-370.799988,-531.400024,20005
760,-8402,-11057,-437.200012,-508.0,19993
761,-10349,-10841,-345.799988,-514.400024,19999
762,-10219,-10509,-332.399994,-503.600006,20000
763,-10164,-10460,-312.600006,-511.0,19999
764,-10269,-10533,-355.600006,-503.0,19999
765,-10293,-10503,-363.200012,-478.200012,19999
766,-10336,-10484,-379.799988,-480.0,19999
767,-10416,-10601,-400.200012,-495.600006,19999
768,-10441,-10632,-409.399994,-500.399994,19999
769,-10564,-10687,-433.600006,-502.799988,20000
770,-10570,-10718,-430.799988,-508.799988,19998
771,-10583,-10712,-406.600006,-505.600006,19999
772,-10669,-10743,-460.399994,-509.0,20000
773,-10644,-10768,-413.399994,-498.200012,19999
774,-10675,-10774,-455.799988,-515.0,19999
775,-10731,-10798,-470.799988,-525.799988,19999
776,-10694,-10786,-443.200012,-503.600006,19999
777,-10761,-10798,-494.799988,-503.600006,20000
778,-10780,-10817,-494.799988,-503.200012,19998
779,-10823,-10872,-481.799988,-524.799988,19999
780,-10841,-10891,-493.399994,-519.599976,19999
781,-10854,-10989,-487.600006,-516.200012,19999
782,-10909,-11032,-510.200012,-514.799988,20000
783,-10885,-10977,-507.0,-511.399994,19998
784,-10866,-10909,-487.600006,-512.799988,19999
785,-10977,-10915,-510.399994,-493.0,20000
786,-10872,-10915,-510.600006,-513.400024,20004
787,-8673,-11180,-465.799988,-541.200012,19999
788,-8106,-11322,-490.0,-525.799988,19994
789,-6425,-11396,-424.399994,-517.200012,19999
790,-5840,-11396,-387.0,-530.799988,19999
791,-5371,-11396,-371.0,-532.799988,19999
792,-5026,-11476,-348.399994,-547.0,20000
793,-4836,-11464,-347.799988,-534.799988,19998
794,-5371,-11451,-391.0,-516.0,19999
795,-5655,-11396,-401.0,-518.799988,19999
796,-5445,-11408,-378.200012,-531.799988,19999
797,-5174,-11427,-366.0,-535.400024,20000
798,-4897,-11464,-343.799988,-539.599976,19998
799,-4564,-11501,-317.0,-534.200012,19999
800,-4281,-11433,-311.0,-518.400024,19999
801,-4041,-11427,-280.200012,-533.799988,19999
802,-3758,-11408,-263.0,-512.400024,19998
803,-3493,-11427,-252.800003,-503.399994,20000
804,-3431,-11427,-252.0,-513.400024,19998
805,-3554,-11377,-261.600006,-520.400024,20000
806,-3351,-11291,-242.600006,-502.200012,19999
807,-3080,-11279,-223.199997,-483.399994,19999
808,-2803,-11285,-212.199997,-512.0,19999
809,-2513,-11303,-182.600006,-507.600006,19998
810,-2267,-11310,-171.800003,-516.200012,20000
811,-2045,-11273,-158.0,-482.0,19999
812,-1829,-11236,-147.0,-499.399994,19999
813,-1860,-11236,-152.800003,-479.799988,19999
814,-1768,-11230,-141.800003,-493.200012,19999
815,-1632,-11248,-135.600006,-496.600006,19999
816,-1626,-11236,-134.199997,-477.600006,20004
817,-43,-11217,-107.599998,-511.0,19998
818,2821,-10817,-18.200001,-480.399994,19995
819,7761,-10127,120.0,-445.799988,20004
820,6924,-6807,89.599998,-374.600006,19999
821,7318,-4916,66.199997,-313.200012,19999
822,6665,758,45.200001,-115.400002,19999
823,6979,6659,95.199997,-0.0,19994
824,8199,5458,167.0,-0.0,19999
825,8334,5636,197.399994,-0.0,19999
826,8593,5994,199.800003,9.6,19999
827,8039,5593,187.600006,9.6,19999
828,8556,5858,207.600006,21.0,19999
829,8421,5901,222.0,25.799999,19999
830,8846,7515,254.600006,144.800003,19999
831,9283,8568,295.0,240.199997,20000
832,9480,8852,313.200012,208.0,19998
833,9536,8766,320.600006,213.600006,20000
834,9579,9055,320.600006,253.399994,19998
835,9579,9369,318.799988,268.399994,19999
836,9640,9591,333.600006,300.0,20006
837,4589,4127,217.600006,184.399994,20002
838,3197,-1805,173.0,27.4,19990
839,3739,-3462,209.199997,-117.0,20008
840,6733,-7133,319.0,-37.799999,19990
841,9930,-5840,502.799988,-29.6,19999
842,10349,-6203,427.399994,-23.4,19999
843,9831,-6222,332.799988,-23.4,20000
844,9696,-6209,338.399994,-28.0,19998
845,9837,-6258,363.200012,-24.0,19999
846,9844,-7059,360.399994,-109.400002,19999
847,9646,-8501,328.0,-210.0,19999
848,9622,-8655,355.0,-160.600006,19999
849,9622,-8279,343.600006,-156.199997,20000
850,9659,-8839,345.399994,-230.0,19998
851,9702,-9505,367.0,-264.0,20000
852,9776,-9603,347.0,-269.200012,19999
853,9800,-9683,359.0,-307.600006,19998
854,9837,-9825,348.799988,-322.0,19999
855,9942,-9954,359.200012,-375.399994,20000
856,9942,-10010,357.799988,-364.799988,19998
857,9991,-10053,356.600006,-388.799988,20006
858,6209,-6647,270.799988,-319.0,19989
859,2944,-3597,185.199997,-216.399994,19999
860,2261,-2710,169.800003,-195.0,20012
861,-918,-2895,129.800003,-172.199997,20000
862,-5045,-7644,129.800003,-414.0,19998
863,-3191,-10540,-23.0,-558.400024,19990
864,-5606,-11020,-22.6,-580.0,20000
865,-4934,-10423,-19.0,-474.600006,19999
866,-6406,-9782,-13.8,-306.600006,19998
867,-6536,-9880,-41.200001,-334.200012,20000
868,-7854,-9825,-152.199997,-380.0,19999
869,-7952,-9825,-141.0,-370.0,19999
870,-8217,-9954,-175.600006,-393.200012,19999
871,-8759,-9961,-220.0,-387.799988,19999
872,-9197,-9942,-241.800003,-415.600006,20004
873,-9191,-7854,-268.0,-331.600006,19994
874,-9726,-6536,-283.200012,-315.0,20004
875,-10004,-5180,-324.399994,-295.600006,19994
876,-10349,-3831,-334.200012,-258.200012,19999
877,-10441,-3277,-339.799988,-225.0,20000
878,-10577,-2951,-351.799988,-209.600006,19998
879,-10632,-3277,-379.399994,-272.200012,20000
880,-10681,-4762,-390.200012,-352.0,19999
881,-10694,-4872,-373.200012,-344.399994,19998
882,-10774,-4583,-404.200012,-313.200012,20000
883,-10768,-3973,-412.200012,-273.0,19999
884,-10774,-3012,-393.399994,-204.600006,19999
885,-10761,-2445,-393.200012,-177.399994,19999
886,-10743,-2156,-384.799988,-162.800003,19999
887,-10768,-1977,-409.399994,-152.800003,19999
888,-10786,-2014,-391.799988,-161.199997,19999
889,-10792,-2187,-415.600006,-169.800003,19999
890,-10743,-2218,-373.0,-172.800003,19999
891,-10774,-2119,-392.799988,-165.0,19999
892,-10780,-1903,-389.600006,-156.399994,19999
893,-10774,-1756,-411.0,-133.399994,19999
894,-10749,-1485,-383.200012,-121.599998,19999
895,-10811,-1306,-411.0,-110.0,19999
896,-10731,-1072,-386.799988,-96.0,19999
897,-10761,-887,-377.399994,-85.199997,19999
898,-10792,-813,-419.200012,-75.199997,19998
899,-10743,-912,-385.200012,-84.199997,19999
900,-10743,-1029,-392.399994,-95.400002,19999
901,-10768,-1109,-388.600006,-101.599998,19999
902,-10761,-1035,-416.600006,-95.800003,20126
903,-10577,-3209,-367.200012,-112.800003,19871
904,-10558,-6548,-419.0,-326.0,20004
905,-10312,-8796,-387.399994,-390.200012,19994
906,-9936,-9579,-392.200012,-231.399994,20000
907,-9862,-8575,-383.399994,-167.399994,21038
908,-9880,-8975,-400.399994,-242.0,19996
909,-9887,-9591,-370.799988,-267.399994,20000
910,-9924,-9640,-386.0,-290.600006,19999
911,-9942,-9813,-385.600006,-314.399994,19998
912,-10071,-9961,-395.200012,-347.600006,19999
913,-10164,-10090,-391.600006,-386.600006,20000
914,-10232,-10115,-425.200012,-389.600006,19997
915,-10195,-10188,-383.0,-386.600006,20000
916,-10275,-10262,-396.0,-411.600006,20005
917,-8260,-10484,-394.0,-413.200012,19999
918,-6603,-10768,-359.200012,-438.799988,19995
919,-4478,-11032,-289.200012,-480.200012,19999
920,-3868,-11039,-270.399994,-456.799988,20000
921,-3585,-11119,-247.800003,-473.0,19999
922,-3659,-11131,-282.600006,-488.799988,20000
923,-4275,-11156,-313.600006,-472.0,19998
924,-4386,-11162,-313.200012,-480.799988,19999
925,-4072,-11199,-291.799988,-503.200012,20003
926,-3474,-11217,-245.600006,-497.200012,19999
927,-7848,-11057,-383.600006,-489.799988,19994
928,-10398,-10694,-521.0,-462.399994,20000
929,-10386,-10706,-338.799988,-487.200012,19998
930,-10022,-10373,-293.200012,-488.600006,19999
931,-10164,-10404,-336.600006,-480.799988,20000
932,-10269,-10490,-356.0,-505.200012,20000
933,-10262,-10478,-364.799988,-488.200012,19998
934,-10293,-10460,-354.200012,-450.600006,19999
935,-10355,-10496,-400.799988,-469.600006,20000
936,-10386,-10496,-387.600006,-472.200012,19999
937,-10386,-10533,-400.399994,-481.399994,19999
938,-10453,-10620,-390.399994,-468.399994,19999
939,-10478,-10607,-438.200012,-477.600006,19998
940,-10429,-10583,-397.600006,-478.399994,19999
941,-10496,-10638,-428.200012,-481.600006,20001
942,-10564,-10657,-436.600006,-479.399994,19998
943,-10601,-10706,-416.399994,-498.200012,20000
944,-10620,-10737,-442.200012,-497.0,19998
945,-10700,-10731,-459.799988,-486.600006,19998
946,-10675,-10731,-453.399994,-477.0,20000
947,-10681,-10749,-455.399994,-499.0,19999
948,-10718,-10731,-475.600006,-489.600006,20000
949,-10700,-10768,-467.399994,-486.600006,20002
950,-11014,-8205,-478.799988,-443.799988,19994
951,-11137,-5858,-501.0,-379.799988,20000
952,-11131,-5224,-481.200012,-356.0,19999
953,-11186,-4866,-495.600006,-334.399994,19999
954,-11143,-4577,-472.0,-311.399994,19999
955,-11223,-4762,-528.400024,-355.600006,19999
956,-11199,-6129,-489.799988,-448.399994,19999
957,-11217,-6369,-495.0,-420.799988,19999
958,-11236,-6074,-512.599976,-417.200012,19999
959,-11193,-5679,-484.600006,-382.0,19999
960,-11217,-4860,-512.400024,-329.799988,20000
961,-11143,-4337,-473.0,-295.0,19999
962,-11131,-4010,-467.399994,-282.799988,19999
963,-11186,-3721,-508.799988,-260.799988,19998
964,-11131,-3474,-473.799988,-246.199997,20000
965,-11199,-3450,-503.600006,-258.399994,19998
966,-11137,-4059,-485.0,-299.200012,20000
967,-11106,-4170,-459.200012,-295.799988,19999
968,-11125,-3979,-474.399994,-281.200012,19998
969,-11100,-3745,-477.799988,-260.600006,20000
970,-11119,-3443,-463.200012,-247.0,19999
971,-11137,-3055,-465.200012,-220.399994,19999
972,-11045,-2686,-441.399994,-191.600006,19999
973,-11094,-2421,-459.399994,-182.0,19998
974,-11076,-2162,-459.200012,-169.399994,19999
975,-11039,-1971,-437.799988,-149.0,19999
976,-11088,-1725,-485.200012,-144.600006,19999
977,-11045,-1639,-454.600006,-131.800003,20000
978,-11045,-1583,-440.200012,-132.399994,19998
979,-11020,-1583,-465.600006,-130.600006,20000
980,-10958,-1454,-418.399994,-121.0,19999
981,-10946,-1257,-419.799988,-108.800003,19999
982,-10835,-1078,-415.399994,-98.0,20000
983,-10804,-924,-380.399994,-90.800003,19999
984,-10848,-807,-432.600006,-77.199997,19998
985,-10804,-733,-396.799988,-66.199997,20004
986,-10749,1084,-391.799988,-57.599998,19999
987,-10429,4528,-411.399994,27.6,19999
988,-10484,4762,-413.799988,78.800003,19994
989,-10102,6265,-384.399994,27.6,20001
990,-10028,6813,-412.0,105.800003,19997
991,-9991,7694,-405.799988,132.800003,19999
992,-10053,7694,-413.399994,120.599998,20000
993,-9930,8562,-391.799988,193.800003,19998
994,-9936,8963,-394.399994,246.199997,20001
995,-9893,9080,-387.600006,223.800003,20004
996,-6369,4854,-275.399994,179.199997,19990
997,-3302,1250,-209.0,61.200001,20000
998,-2673,678,-197.199997,42.799999,19998
999,-2563,468,-202.800003,34.799999,19999
1000,-2969,832,-230.0,70.800003,20000
1001,-2994,2211,-227.600006,192.399994,19998
1002,-2797,2550,-202.800003,192.0,19999
1003,-2556,2372,-189.0,177.800003,19999
1004,-2255,1768,-170.0,133.0,19999
1005,-2014,1183,-157.0,99.199997,20000
1006,-1706,813,-134.600006,69.599998,19998
1007,-942,493,-78.800003,43.0,20012
1008,1669,-1829,-56.0,11.4,19989
1009,6111,-6357,274.200012,-274.0,20009
1010,8069,-8568,161.399994,-248.399994,19990
1011,6850,-8673,94.599998,-115.0,19999
1012,6505,-6985,99.199997,-51.599998,19999
1013,7263,-7860,121.0,-132.0,19999
1014,7940,-8612,164.800003,-205.199997,20000
1015,7996,-8556,175.399994,-193.199997,20001
1016,8341,-8667,210.199997,-224.800003,19998
1017,8402,-9018,195.600006,-232.0,19999
1018,8790,-9166,254.800003,-263.399994,20000
1019,9363,-9468,266.799988,-297.799988,19999
1020,9166,-9529,267.0,-288.799988,19997
1021,9505,-9634,303.0,-315.399994,20008
1022,5359,-7059,165.199997,-271.0,19996
1023,2889,-4564,168.0,-213.199997,19990
1024,1860,-2636,137.800003,-180.800003,19999
1025,1497,-2156,129.800003,-160.800003,20016
1026,-2735,-2661,91.400002,-153.199997,19994
1027,-5402,-8199,12.4,-382.200012,20000
1028,-3616,-7996,-23.6,-464.200012,19991
1029,-7004,-9757,-23.799999,-489.600006,19997
1030,-5870,-10078,-59.0,-403.600006,20001
1031,-6991,-9400,-65.800003,-209.800003,20002
1032,-7367,-4977,-109.400002,-199.800003,19999
1033,-8076,-2452,-151.399994,-129.199997,19995
1034,-8341,-1460,-179.399994,-113.599998,20000
1035,-8291,-1195,-143.800003,-99.199997,20000
1036,-8458,-955,-198.399994,-100.400002,19996
1037,-9443,-1374,-264.0,-124.800003,19999
1038,-9585,-1977,-256.399994,-162.0,20000
1039,-9609,-2612,-255.600006,-209.600006,19998
1040,-9659,-2556,-281.200012,-198.600006,20003
1041,-10047,-2119,-289.799988,-153.399994,19996
1042,-10158,-1053,-319.0,-85.199997,19998
1043,-10182,-450,-308.799988,-40.599998,19999
1044,-10416,-222,-349.0,-31.0,19999
1045,-10527,-37,-317.399994,-18.200001,20004
1046,-10460,1860,-363.0,-12.8,19999
1047,-10041,4521,-334.600006,25.799999,19993
1048,-9763,7429,-348.200012,97.599998,20000
1049,-9868,6776,-354.799988,53.400002,19998
1050,-9825,7515,-352.0,94.599998,19999
1051,-9825,7478,-355.0,122.199997,20009
1052,-6874,4718,-266.799988,80.800003,19997
1053,-4540,1066,-260.799988,22.4,19990
1054,-3296,43,-218.399994,-0.0,19998
1055,-2599,25,-188.800003,-0.0,19999
1056,-2168,18,-161.399994,-0.0,20000
1057,-1891,99,-147.800003,-0.0,19999
1058,-1897,450,-154.399994,15.8,20000
1059,-2137,554,-176.399994,39.799999,19999
1060,-2168,450,-168.199997,37.400002,19998
1061,-2002,197,-156.600006,26.4,20000
1062,-1786,105,-146.600006,18.200001,20012
1063,-2556,-1934,-146.0,5.8,19988
1064,-6351,-6258,-234.399994,-249.199997,20009
1065,-6610,-8082,-124.0,-223.0,19990
1066,-7644,-8649,-105.800003,-124.0,19999
1067,-7299,-7688,-136.0,-141.0,19999
1068,-7133,-8377,-165.800003,-196.199997,19998
1069,-8710,-8876,-212.600006,-209.800003,20001
1070,-8119,-9117,-200.600006,-228.800003,19998
1071,-8667,-9178,-223.399994,-264.0,19998
1072,-9086,-9474,-275.0,-282.799988,20001
1073,-9523,-9597,-285.399994,-320.799988,19998
1074,-9609,-9659,-290.399994,-311.799988,19999
1075,-9690,-9763,-312.0,-343.200012,19999
1076,-9837,-9887,-334.600006,-362.600006,20001
1077,-9911,-9973,-330.200012,-362.0,19998
1078,-10022,-10034,-379.399994,-380.0,19998
1079,-10059,-10102,-356.200012,-401.600006,20000
1080,-10152,-10195,-381.600006,-405.399994,19999
1081,-10207,-10262,-384.200012,-411.799988,20000
1082,-10275,-10275,-406.399994,-425.600006,19999
1083,-10281,-10312,-390.799988,-406.200012,19999
1084,-10373,-10386,-425.0,-448.200012,20000
1085,-10404,-10441,-420.399994,-448.200012,19999
1086,-10453,-10460,-416.200012,-441.200012,19998
1087,-10503,-10521,-447.399994,-468.200012,19999
1088,-10484,-10540,-416.399994,-474.399994,19999
1089,-10509,-10595,-433.799988,-470.399994,19999
1090,-10515,-10595,-450.200012,-469.200012,19998
1091,-10601,-10614,-442.0,-457.600006,20000
1092,-10626,-10638,-460.0,-454.399994,19999
1093,-10718,-10724,-482.0,-480.200012,19999
1094,-10694,-10737,-465.200012,-486.600006,20001
1095,-10700,-10761,-474.200012,-474.600006,19997
1096,-10743,-10755,-483.399994,-482.600006,20000
1097,-10743,-10786,-473.200012,-493.399994,19999
1098,-10780,-10829,-476.0,-506.200012,19999
1099,-10829,-10848,-507.0,-504.799988,19999
1100,-10780,-10823,-484.0,-495.0,19999
1101,-10786,-10811,-482.200012,-506.799988,20005
1102,-10872,-10139,-480.799988,-464.200012,19999
1103,-11076,-7133,-508.799988,-393.0,19994
1104,-11230,-4318,-498.399994,-298.0,20006
1105,-11260,-3357,-512.599976,-233.399994,19993
1106,-11248,-3733,-526.200012,-304.0,20003
1107,-11193,-801,-501.399994,-271.399994,19999
1108,-10897,2944,-483.399994,-116.0,19994
1109,-10410,5636,-485.0,-0.0,19999
1110,-10460,5809,-476.600006,-0.0,20000
1111,-10515,5704,-503.600006,10.2,19998
1112,-10404,5840,-443.0,10.2,20000
1113,-10330,5803,-429.0,22.6,19998
1114,-10275,6400,-444.799988,62.400002,20000
1115,-10047,7558,-406.600006,147.0,19999
1116,-10028,8692,-419.399994,179.199997,19998
1117,-9967,8667,-414.399994,191.600006,20000
1118,-10028,8661,-392.600006,197.199997,20000
1119,-9979,9135,-419.600006,261.799988,19998
1120,-9930,9609,-395.0,253.600006,19999
1121,-9948,9480,-393.399994,276.799988,20000
1122,-9954,9831,-381.600006,315.799988,19999
1123,-9998,9905,-397.0,353.600006,19999
1124,-10010,9954,-365.399994,345.0,19998
1125,-10084,10028,-394.0,365.600006,19999
1126,-10090,10065,-390.399994,384.0,19997
1127,-10115,10078,-390.200012,383.799988,20001
1128,-10152,10182,-386.0,392.600006,19998
1129,-10207,10201,-398.0,404.0,19998
1130,-10188,10269,-378.799988,420.0,20002
1131,-10293,10330,-407.200012,422.0,19998
1132,-10269,10355,-397.399994,450.200012,19998
1133,-10318,10342,-404.399994,434.0,20000
1134,-10238,10306,-382.200012,410.799988,20000
1135,-10213,10281,-372.600006,423.200012,19997
1136,-10250,10318,-396.200012,432.799988,20000
1137,-10232,10324,-373.600006,446.799988,20008
1138,-6733,8063,-295.600006,386.600006,19990
1139,-6160,6480,-312.600006,349.799988,20006
1140,-4946,5421,-295.600006,337.200012,19992
1141,-3813,4546,-261.600006,304.399994,19997
1142,-3302,3905,-234.199997,266.600006,19999
1143,-2889,3554,-209.199997,265.399994,19998
1144,-2593,3351,-193.199997,244.800003,19998
1145,-2445,3616,-186.600006,265.799988,20002
1146,-2760,3973,-213.399994,287.799988,19996
1147,-2914,3850,-219.199997,266.600006,19999
1148,-2618,3579,-195.600006,259.200012,19999
1149,-2304,2920,-175.399994,195.399994,19999
1150,-1928,2162,-151.600006,156.0,20011
1151,-2538,-1201,-129.800003,123.199997,20000
1152,-7595,-5063,-330.0,-160.399994,19989
1153,-9480,-8581,-301.799988,-160.800003,20000
1154,-9147,-4854,-176.199997,-0.0,19999
1155,-7996,-6819,-168.199997,-0.0,19998
1156,-8993,-6591,-237.800003,-65.199997,19999
1157,-9043,-8365,-209.399994,-154.800003,19999
1158,-8870,-8556,-226.600006,-139.199997,20135
1159,-9203,-7774,-269.799988,-166.399994,19864
1160,-9431,-8846,-287.200012,-235.399994,19998
1161,-9523,-9283,-307.799988,-264.200012,20000
1162,-9560,-9486,-293.799988,-278.600006,19999
1163,-9659,-9579,-329.399994,-289.799988,20964
1164,-9776,-9671,-342.600006,-308.200012,19998
1165,-9850,-9837,-340.200012,-349.799988,19999
1166,-9936,-9911,-358.600006,-338.600006,20005
1167,-6764,-10312,-286.799988,-395.399994,19999
1168,-5445,-10552,-323.600006,-386.600006,19994
1169,-4293,-10731,-285.799988,-421.0,19999
1170,-3560,-10743,-246.800003,-384.600006,19999
1171,-2864,-10798,-198.600006,-410.200012,20000
1172,-2421,-10897,-184.0,-440.0,19998
1173,-2636,-11026,-211.800003,-444.600006,19999
1174,-3610,-11020,-281.399994,-456.0,20000
1175,-3813,-11063,-283.0,-467.200012,19998
1176,-3554,-11112,-256.399994,-480.0,20000
1177,-3031,-11112,-217.399994,-459.200012,19998
1178,-2636,-11149,-193.600006,-478.600006,19999
1179,-2224,-11168,-171.600006,-492.399994,19999
1180,-1860,-11143,-146.199997,-466.600006,20000
1181,-1620,-11168,-126.800003,-470.799988,19999
1182,-1374,-11149,-119.599998,-476.399994,19999
1183,-1226,-11125,-108.0,-464.200012,19999
1184,-1331,-11137,-119.800003,-463.399994,19999
1185,-1448,-11156,-124.199997,-476.399994,19999
1186,-1324,-11199,-111.0,-485.600006,20004
1187,-1885,-11193,-104.199997,-470.600006,19999
1188,-4946,-10823,-179.600006,-460.600006,19993
1189,-9480,-10521,-425.799988,-457.600006,20000
1190,-9899,-10287,-264.200012,-436.399994,19999
1191,-9388,-10133,-209.600006,-444.399994,19999
1192,-9135,-10121,-222.600006,-461.200012,20000
1193,-9252,-10108,-258.600006,-430.0,19999
1194,-9431,-10078,-254.800003,-429.399994,20000
1195,-9468,-10022,-267.200012,-414.799988,19999
1196,-9887,-10102,-293.200012,-419.399994,19999
1197,-9936,-10182,-310.200012,-443.399994,19999
1198,-9998,-10213,-328.799988,-435.799988,19999
1199,-10053,-10256,-337.0,-432.600006,20000
1200,-10090,-10281,-339.399994,-450.399994,19998
1201,-10213,-10318,-385.799988,-451.200012,19999
1202,-10238,-10342,-366.600006,-438.600006,19999
1203,-10318,-10410,-399.600006,-443.600006,19999
1204,-10361,-10435,-395.600006,-442.200012,20000
1205,-10386,-10441,-421.399994,-445.799988,19998
1206,-10410,-10496,-411.799988,-466.200012,19999
1207,-10478,-10533,-434.200012,-456.399994,20000
1208,-10496,-10583,-440.200012,-473.799988,19998
1209,-10583,-10644,-428.0,-484.799988,19999
1210,-10638,-10663,-471.200012,-476.399994,19999
1211,-10589,-10650,-434.0,-484.200012,19999
1212,-10657,-10718,-442.799988,-490.600006,20000
1213,-10675,-10700,-487.399994,-495.0,19999
1214,-10650,-10687,-451.0,-468.399994,19999
1215,-10700,-10724,-479.399994,-474.200012,20005
1216,-8039,-10983,-419.600006,-506.200012,19999
1217,-7004,-11094,-418.600006,-504.399994,19999
1218,-5334,-11254,-338.799988,-527.599976,19994
1219,-4595,-11279,-316.799988,-516.799988,19999
1220,-4152,-11260,-298.200012,-511.399994,19999
1221,-3942,-11266,-278.399994,-520.599976,19999
1222,-4398,-11285,-336.799988,-502.399994,20000
1223,-4990,-11322,-364.200012,-511.799988,19998
1224,-5211,-11396,-388.200012,-521.799988,19999
1225,-4940,-11408,-342.399994,-532.799988,20000
1226,-4546,-11396,-325.200012,-515.599976,19998
1227,-4066,-11365,-278.200012,-498.399994,20000
1228,-3554,-11322,-247.0,-518.400024,19999
1229,-3074,-11371,-220.199997,-517.200012,19999
1230,-2790,-11408,-207.600006,-529.200012,19999
1231,-2717,-11390,-211.199997,-513.200012,19999
1232,-3037,-11297,-232.199997,-511.200012,19998
1233,-3037,-11285,-226.199997,-517.599976,20000
1234,-2815,-11260,-207.800003,-506.0,19999
1235,-2526,-11248,-193.800003,-509.799988,19999
1236,-2168,-11242,-160.600006,-498.0,19999
1237,-1897,-11242,-148.600006,-514.799988,20000
1238,-1657,-11211,-136.0,-492.799988,19999
1239,-1355,-11242,-119.599998,-501.600006,19999
1240,-1238,-11248,-107.0,-506.0,19999
1241,-1238,-11242,-109.400002,-513.799988,19999
1242,-1189,-11230,-97.800003,-501.600006,19999
1243,-992,-11193,-87.599998,-475.600006,19999
1244,-838,-11174,-77.599998,-465.200012,19999
1245,-727,-11174,-67.800003,-466.399994,20000
1246,-708,-11156,-57.0,-459.799988,19998
1247,-659,-11162,-45.799999,-464.600006,19999
1248,-468,-11186,-35.400002,-483.600006,19999
1249,-290,-11205,-29.0,-477.600006,19999
1250,-191,-11125,-20.6,-454.799988,20005
1251,-3006,-10878,-15.4,-462.799988,19993
1252,-8211,-10423,-365.0,-443.200012,19999
1253,-9677,-10115,-239.0,-419.799988,19999
1254,-8981,-10090,-236.399994,-457.600006,19999
1255,-9431,-10115,-249.600006,-422.0,19999
1256,-9104,-10034,-221.600006,-411.600006,20004
1257,-8957,-7404,-222.199997,-343.399994,19999
1258,-9012,-6006,-215.399994,-324.600006,19994
1259,-9209,-4127,-240.0,-267.200012,19999
1260,-9671,-3222,-258.200012,-207.800003,19999
1261,-9431,-2575,-252.0,-180.800003,20000
1262,-10053,-2304,-316.799988,-179.600006,19999
1263,-10336,-3819,-318.0,-317.0,19999
1264,-10275,-4811,-320.600006,-338.0,19998
1265,-10533,-4675,-346.399994,-335.0,20000
1266,-10583,-4109,-362.799988,-277.600006,19999
1267,-10663,-3098,-386.0,-215.199997,19999
1268,-10650,-2322,-354.799988,-167.800003,19999
1269,-10731,-1971,-399.200012,-148.199997,19999
1270,-10706,-1725,-388.0,-140.199997,19999
1271,-10774,-1460,-397.799988,-122.400002,19999
1272,-10792,-1380,-409.200012,-115.400002,19999
1273,-10798,-2113,-398.200012,-180.800003,19998
1274,-10792,-2464,-409.799988,-185.399994,20000
1275,-10866,-2261,-421.399994,-173.199997,19999
1276,-10823,-2020,-403.799988,-156.399994,19999
1277,-10817,-1429,-400.600006,-116.800003,19999
1278,-10811,-986,-416.0,-86.400002,19999
1279,-10804,-819,-391.0,-71.599998,19999
1280,-10798,-739,-401.0,-67.599998,20004
1281,-10811,-875,-395.600006,-57.400002,19999
1282,-10694,-3825,-431.799988,-117.599998,19994
1283,-10250,-8716,-362.600006,-421.600006,19999
1284,-10349,-10201,-419.200012,-398.799988,19999
1285,-9942,-9659,-379.799988,-220.0,20000
1286,-9911,-8168,-396.799988,-157.600006,19998
1287,-9967,-9117,-408.399994,-254.199997,19999
1288,-9930,-9640,-392.0,-286.799988,19998
1289,-9880,-9677,-376.0,-292.0,20000
1290,-9979,-9831,-388.799988,-311.600006,19999
1291,-10065,-9973,-419.799988,-354.200012,20000
1292,-10182,-10065,-394.200012,-372.799988,19998
1293,-10195,-10115,-398.200012,-377.799988,19999
1294,-10232,-10201,-400.200012,-392.200012,20000
1295,-10262,-10244,-406.600006,-396.600006,19998
1296,-10312,-10299,-398.600006,-419.399994,20001
1297,-10435,-10404,-463.799988,-428.0,19998
1298,-10429,-10441,-423.399994,-452.799988,19999
1299,-10509,-10496,-454.399994,-433.200012,20004
1300,-8445,-10774,-400.399994,-464.799988,19998
1301,-6659,-11039,-379.799988,-478.399994,19995
1302,-5144,-11112,-345.0,-465.399994,20000
1303,-4287,-11125,-288.799988,-471.200012,19998
1304,-3721,-11180,-274.799988,-488.0,19999
1305,-3671,-11199,-281.399994,-497.0,19998
1306,-4281,-11193,-314.0,-474.600006,19999
1307,-4552,-11193,-335.600006,-496.600006,20000
1308,-4491,-11199,-323.600006,-500.200012,19999
1309,-4232,-11217,-306.0,-502.0,19999
1310,-3992,-11254,-283.799988,-508.399994,19999
1311,-3671,-11273,-254.0,-507.0,19999
1312,-3419,-11297,-248.399994,-520.200012,19999
1313,-3092,-11266,-225.600006,-506.0,19999
1314,-2840,-11236,-211.199997,-497.799988,19999
1315,-2489,-11230,-184.800003,-488.799988,19999
1316,-2230,-11205,-170.600006,-483.200012,19999
1317,-2168,-11223,-169.800003,-497.200012,20000
1318,-2150,-11236,-169.600006,-492.799988,19998
1319,-2070,-11242,-164.199997,-504.399994,19999
1320,-1903,-11242,-158.399994,-501.0,19999
1321,-1848,-11211,-150.0,-490.600006,19999
1322,-1725,-11199,-133.800003,-483.200012,19999
1323,-1435,-11205,-122.599998,-473.0,19999
1324,-1189,-11211,-106.0,-500.399994,19999
1325,-955,-11211,-87.599998,-487.799988,19999
1326,-813,-11211,-78.199997,-464.600006,19999
1327,-727,-11199,-64.0,-479.0,20000
1328,-708,-11168,-57.400002,-474.0,19998
1329,-708,-11168,-51.0,-459.799988,19999
1330,-671,-11205,-45.400002,-476.200012,20000
1331,-573,-11193,-41.400002,-487.0,19998
1332,-468,-11180,-37.400002,-477.200012,20000
1333,-259,-11162,-24.4,-471.399994,19998
1334,-92,-11137,-18.6,-465.799988,20000
1335,12,-11088,-18.6,-460.200012,19999
1336,-6,-11069,-18.799999,-459.200012,19998
1337,-6,-11082,-14.8,-457.600006,20001
1338,-6,-11069,-14.8,-464.399994,19998
1339,-6,-11069,-14.2,-442.0,19999
1340,-6,-11063,0.0,-442.399994,19999
1341,-6,-11088,0.0,-457.799988,19999
1342,-6,-11082,0.0,-437.600006,20001
1343,0,-11076,0.0,-451.600006,19998
1344,-6,-11082,0.0,-466.600006,19999
1345,-12,-11057,0.0,-427.799988,19999
1346,-6,-11002,0.0,-431.799988,19999
1347,-12,-11014,0.0,-439.600006,19999
1348,-6,-11008,0.0,-425.200012,20000
1349,-12,-10989,0.0,-434.600006,19999
1350,0,-10989,0.0,-420.799988,20000
1351,0,-10989,0.0,-423.799988,19999
1352,0,-10983,0.0,-438.0,20004
1353,-2760,-10872,-8.0,-426.799988,19995
1354,-4860,-10755,-210.800003,-417.799988,20007
1355,-5723,-7478,-91.800003,-368.600006,20000
1356,-924,-542,-29.6,-201.800003,19999
1357,4515,3240,138.600006,-0.0,19989
1358,8667,6031,348.0,79.800003,19999
1359,9468,5889,261.600006,79.800003,19999
1360,9511,5790,263.200012,89.199997,20000
1361,8692,5938,179.0,89.199997,19998
1362,8297,5833,177.600006,76.0,19999
1363,8260,5889,159.800003,106.199997,20000
1364,8673,5858,227.399994,7.4,19998
1365,9277,7484,263.600006,136.800003,19999
1366,9351,8575,258.399994,212.199997,19999
1367,9135,8655,275.0,222.399994,20000
1368,9406,8784,293.200012,194.399994,19999
1369,9443,8766,296.600006,223.600006,19999
1370,9486,9406,300.200012,302.799988,19999
1371,9573,9573,317.600006,288.200012,19999
1372,9597,9634,306.399994,310.0,19999
1373,9794,9844,354.799988,345.600006,19999
1374,9862,9930,328.799988,364.0,19998
1375,9880,9930,356.799988,339.600006,20000
1376,9924,9967,352.799988,368.799988,20004
1377,10269,7484,380.200012,316.200012,20004
1378,7700,524,320.200012,134.800003,19991
1379,9708,-2039,421.399994,-0.0,20008
1380,8451,-4996,366.399994,-71.800003,19989
1381,9874,-6486,404.200012,-26.200001,20000
1382,10084,-6104,394.0,-26.200001,19998
1383,10041,-6246,392.399994,-26.200001,20000
1384,10047,-6222,415.200012,-22.4,19998
1385,10102,-6191,428.799988,-22.4,19999
1386,10047,-6388,415.799988,-16.0,20001
1387,10010,-7109,406.0,-109.800003,19999
1388,9911,-8285,384.799988,-192.399994,19999
1389,9917,-8753,386.0,-205.199997,19999
1390,9844,-8901,372.0,-207.199997,19999
1391,9862,-9018,378.0,-222.0,19999
1392,9874,-9406,387.600006,-263.600006,19999
1393,9948,-9763,395.399994,-290.600006,19999
1394,9967,-9813,401.0,-298.399994,20008
1395,6733,-6283,318.600006,-226.800003,19999
1396,1306,-4700,169.199997,-194.800003,20000
1397,-4472,-7484,0.0,-317.0,19989
1398,-6406,-9683,-87.0,-459.399994,19999
1399,-6468,-10386,-35.0,-470.200012,19999
1400,-6400,-10096,-23.4,-380.0,19999
1401,-6449,-9880,-22.0,-373.200012,20004
1402,-6425,-6813,-22.0,-294.0,19999
1403,-6080,-4066,-39.799999,-244.199997,19994
1404,-6339,-3185,-27.4,-219.0,19999
1405,-7688,-2673,-112.599998,-193.399994,19998
1406,-8162,-2427,-162.0,-178.800003,20000
1407,-8710,-2846,-214.0,-230.600006,19999
1408,-8612,-4127,-192.399994,-309.399994,19999
1409,-9437,-4220,-252.800003,-301.0,20000
1410,-9757,-3782,-279.200012,-260.600006,19998
1411,-9807,-2840,-268.600006,-194.199997,19999
1412,-9874,-2131,-306.200012,-157.399994,20000
1413,-10299,-1786,-314.0,-138.399994,19998
1414,-10373,-1503,-318.600006,-125.199997,20000
1415,-10447,-1294,-353.399994,-123.800003,19999
1416,-10478,-1189,-323.399994,-102.800003,19999
1417,-10546,-1386,-349.200012,-123.800003,19999
1418,-10570,-1786,-350.600006,-151.399994,19999
1419,-10620,-1829,-372.200012,-151.800003,19999
1420,-10644,-1694,-356.200012,-137.600006,19999
1421,-10681,-1441,-388.0,-119.0,19999
1422,-10724,-1269,-375.399994,-107.599998,20000
1423,-10687,-1047,-384.399994,-94.0,19998
1424,-10755,-856,-379.600006,-80.400002,20005
1425,-10570,-3819,-397.799988,-113.0,19993
1426,-10152,-8673,-355.200012,-377.399994,19999
1427,-10262,-10041,-392.0,-385.399994,19999
1428,-9862,-9714,-364.0,-234.0,19999
1429,-9825,-8445,-383.399994,-147.600006,20000
1430,-9825,-9098,-357.799988,-261.600006,19999
1431,-9868,-9634,-385.600006,-270.600006,19998
1432,-9813,-9634,-354.200012,-282.600006,19999
1433,-9880,-9819,-368.399994,-333.200012,19998
1434,-10010,-9961,-376.600006,-359.600006,20000
1435,-10096,-10028,-411.200012,-358.799988,19999
1436,-10158,-10108,-375.200012,-390.0,19998
1437,-10225,-10219,-411.399994,-404.200012,20005
1438,-10650,-7238,-408.799988,-322.600006,19993
1439,-10761,-5803,-433.600006,-287.0,20004
1440,-10811,-5205,-404.600006,-316.200012,19996
1441,-10946,-4041,-451.399994,-267.600006,19998
1442,-10891,-3671,-440.799988,-262.799988,20136
1443,-10946,-3480,-426.399994,-253.0,19862
1444,-10995,-4127,-467.799988,-319.600006,19999
1445,-10965,-4854,-436.200012,-352.399994,19999
1446,-11039,-4786,-459.200012,-335.200012,19999
1447,-10995,-4528,-448.799988,-315.799988,20134
1448,-10878,-4361,-420.600006,-286.200012,19864
1449,-10848,-5907,-458.799988,-323.200012,20004
1450,-10509,-8273,-416.200012,-406.399994,19994
1451,-10595,-10398,-445.200012,-510.600006,19999
1452,-10441,-10386,-431.0,-394.399994,19999
1453,-10127,-9930,-428.399994,-298.600006,19999
1454,-10127,-10034,-399.399994,-359.200012,19999
1455,-10287,-10219,-425.399994,-390.200012,19999
1456,-10293,-10256,-417.200012,-404.200012,20003
1457,-10638,-6967,-409.799988,-326.200012,20000
1458,-10965,-4343,-470.0,-268.0,19995
1459,-10958,-3480,-440.0,-242.399994,19998
1460,-11002,-3228,-445.399994,-236.0,20000
1461,-10989,-3314,-460.0,-247.800003,19998
1462,-10958,-4139,-429.0,-317.0,19999
1463,-11008,-5051,-442.600006,-370.799988,20000
1464,-11020,-5057,-456.200012,-349.799988,19999
1465,-11026,-4614,-434.399994,-312.0,20000
1466,-11008,-3807,-456.0,-251.199997,19999
1467,-10995,-3240,-428.0,-232.199997,19999
1468,-10989,-2926,-442.600006,-212.199997,19999
1469,-11026,-2680,-463.399994,-194.800003,19999
1470,-11032,-2464,-445.0,-182.800003,20004
1471,-11100,-2606,-485.799988,-188.199997,19994
1472,-11119,-2661,-466.0,-186.399994,20004
1473,-10780,-5261,-449.0,-259.600006,19994
1474,-10589,-9603,-466.200012,-476.200012,19999
1475,-10681,-10657,-441.0,-514.599976,19999
1476,-10312,-10262,-436.399994,-336.0,19999
1477,-10016,-9659,-444.399994,-204.600006,19999
1478,-10213,-9234,-428.600006,-295.0,20000
1479,-10275,-10041,-438.600006,-351.600006,19998
1480,-10287,-10096,-440.399994,-350.399994,19999
1481,-10262,-10170,-422.600006,-374.200012,20000
1482,-10342,-10238,-442.0,-381.600006,19999
1483,-10429,-10336,-446.799988,-419.200012,20000
1484,-10379,-10355,-423.0,-427.799988,19998
1485,-10410,-10410,-419.799988,-427.0,19999
1486,-10460,-10447,-449.200012,-442.799988,20000
1487,-10404,-10466,-415.200012,-459.399994,19998
1488,-10484,-10509,-451.0,-459.600006,19999
1489,-10484,-10496,-431.799988,-461.200012,19999
1490,-10478,-10527,-420.399994,-458.0,19999
1491,-10515,-10583,-463.799988,-441.200012,20006
1492,-7355,-7620,-367.600006,-401.600006,19989
1493,-4922,-5051,-330.399994,-328.600006,20000
1494,-4361,-4484,-314.200012,-304.200012,19999
1495,-4029,-4189,-295.200012,-315.0,20011
1496,-3591,-49,-267.799988,-205.399994,19999
1497,-5168,3942,-276.799988,-117.0,19999
1498,-8359,2698,-434.200012,-25.6,19989
1499,-10509,4706,-579.0,-22.799999,20000
1500,-10225,5827,-405.799988,-12.0,19998
1501,-10238,5686,-376.399994,-12.0,20000
1502,-9702,5852,-289.0,-6.8,19998
1503,-9788,5901,-322.200012,4.0,19999
1504,-9690,7059,-309.0,112.199997,20000
1505,-9609,8371,-337.0,182.399994,19998
1506,-9665,8661,-341.799988,184.399994,19999
1507,-9683,8901,-329.0,245.399994,20000
1508,-9757,8575,-353.399994,229.399994,19999
1509,-9720,9511,-335.799988,254.600006,19999
1510,-9800,9129,-350.0,276.600006,19999
1511,-9770,9628,-319.399994,290.799988,19999
1512,-9813,9776,-346.399994,322.799988,19999
1513,-9850,9800,-337.399994,321.600006,19999
1514,-9837,9831,-338.600006,338.0,19999
1515,-9880,9899,-326.0,356.200012,19999
1516,-9899,9948,-350.399994,384.200012,19999
1517,-9924,9961,-338.600006,366.399994,19999
1518,-9961,10028,-338.200012,393.200012,19999
1519,-9985,10022,-350.799988,381.0,19999
1520,-10028,10053,-360.600006,395.600006,19999
1521,-10022,10034,-372.799988,366.399994,19999
1522,-10059,10164,-351.600006,417.799988,19999
1523,-10170,10219,-388.799988,419.0,19998
1524,-10152,10213,-356.200012,409.0,20000
1525,-10225,10275,-405.399994,423.799988,19998
1526,-10195,10262,-363.200012,401.799988,19999
1527,-10256,10256,-414.799988,402.399994,19999
1528,-10232,10318,-374.600006,438.200012,19999
1529,-10275,10330,-398.200012,435.200012,20001
1530,-10293,10336,-403.399994,419.600006,19998
1531,-10318,10392,-385.399994,460.200012,19998
1532,-10330,10386,-408.200012,442.200012,20000
1533,-10336,10349,-406.0,408.600006,19998
1534,-10361,10373,-432.600006,427.399994,20000
1535,-10361,10386,-412.600006,409.799988,19999
1536,-10330,10312,-438.399994,432.600006,19999
1537,-10361,10392,-413.200012,442.200012,20000
1538,-10392,10398,-427.799988,435.600006,19998
1539,-10373,10392,-423.399994,426.0,19999
1540,-10392,10379,-417.399994,420.600006,20000
1541,-10379,10367,-436.399994,401.600006,19999
1542,-10392,10361,-435.600006,415.799988,19999
1543,-10373,10355,-445.399994,426.799988,19999
1544,-10404,10404,-433.600006,429.0,19999
1545,-10435,10398,-446.799988,434.799988,19999
1546,-10441,10429,-434.0,426.600006,19999
1547,-10478,10453,-453.0,420.600006,19999
1548,-10466,10410,-458.600006,415.0,19999
1549,-10453,10441,-434.399994,428.399994,19999
1550,-10472,10429,-465.399994,425.600006,20000
1551,-10441,10441,-443.399994,431.399994,20006
1552,-7287,6320,-376.200012,346.399994,20003
1553,-493,240,-188.199997,189.0,19990
1554,4829,-5538,0.0,-198.199997,19998
1555,6523,-8248,0.0,-102.400002,20000
1556,5507,-5821,14.4,-102.400002,19998
1557,6031,-6573,14.4,-85.599998,19999
1558,5907,-6271,35.200001,-85.599998,20000
1559,5944,-6252,43.599998,-85.599998,19999
1560,6209,-6449,7.0,-89.0,20000
1561,7195,-8488,93.199997,-185.199997,19999
1562,7607,-8716,117.0,-198.0,19999
1563,7959,-8433,146.600006,-176.399994,20000
1564,7866,-8803,137.199997,-206.199997,19998
1565,8008,-9049,160.399994,-223.600006,20001
1566,8451,-9098,213.800003,-247.600006,19999
1567,8735,-9295,209.800003,-270.0,19999
1568,8642,-9394,216.199997,-264.0,19999
1569,9117,-9443,255.800003,-292.0,19999
1570,9184,-9579,261.0,-310.799988,20000
1571,9499,-9671,292.200012,-337.799988,19998
1572,9622,-9770,300.399994,-341.600006,19999
1573,9653,-9844,298.0,-356.600006,19999
1574,9782,-9899,320.200012,-358.0,19999
1575,9825,-9985,313.200012,-397.200012,19999
1576,9893,-10016,329.799988,-386.399994,19999
1577,9930,-10078,348.399994,-409.600006,19999
1578,10016,-10182,352.200012,-402.0,20000
1579,10090,-10250,367.600006,-416.399994,19998
1580,10108,-10269,381.600006,-437.399994,19999
1581,10213,-10287,398.799988,-410.399994,19999
1582,10188,-10275,386.600006,-422.399994,19999
1583,10207,-10306,386.799988,-430.200012,20000
1584,10244,-10342,391.399994,-422.0,19998
1585,10306,-10404,403.600006,-441.0,19999
1586,10361,-10466,416.0,-453.799988,20000
1587,10342,-10460,405.200012,-452.399994,19999
1588,10398,-10453,439.200012,-455.600006,20000
1589,10373,-10453,404.600006,-449.399994,19998
1590,10379,-10478,411.600006,-461.200012,19998
1591,10373,-10478,420.200012,-467.399994,20000
1592,10441,-10515,422.799988,-472.200012,19999
1593,10460,-10601,441.0,-468.200012,19999
1594,10472,-10614,432.200012,-474.799988,19999
1595,10484,-10607,432.0,-469.200012,19999
1596,10496,-10620,436.399994,-462.600006,19999
1597,10478,-10589,429.0,-471.399994,19999
1598,10496,-10663,428.0,-493.600006,19999
1599,10564,-10687,438.200012,-491.799988,20000
1600,10601,-10706,437.799988,-479.200012,19999
1601,10515,-10657,431.399994,-471.799988,19999
1602,10577,-10663,453.600006,-468.600006,19999
1603,10515,-10638,419.399994,-452.200012,19999
1604,10496,-10650,415.600006,-469.799988,19999
1605,10490,-10681,427.0,-503.0,19999
1606,10515,-10687,422.399994,-492.0,20000
1607,10521,-10687,434.799988,-494.799988,19999
1608,10527,-10694,438.799988,-484.799988,19998
1609,10570,-10700,445.399994,-496.600006,20000
1610,10583,-10718,442.799988,-498.200012,19998
1611,10564,-10706,420.399994,-492.399994,20000
1612,10478,-10669,419.799988,-500.600006,19998
1613,10478,-10663,421.200012,-493.399994,19999
1614,10564,-10681,426.600006,-491.799988,20000
1615,10583,-10681,433.799988,-490.0,19999
1616,10632,-10724,456.600006,-491.200012,19998
1617,10601,-10737,444.399994,-510.0,20009
1618,8476,-9677,394.799988,-457.399994,19990
1619,9714,-10404,438.200012,-504.200012,20005
1620,7263,-7909,384.200012,-445.0,19990
1621,4663,-5686,300.799988,-368.399994,19999
1622,4029,-4885,285.200012,-330.399994,19999
1623,3714,-4441,252.399994,-299.0,19999
1624,3382,-4146,245.800003,-311.399994,19999
1625,3043,-4571,217.800003,-351.399994,20011
1626,-302,-4922,144.600006,-379.200012,19999
1627,-3400,-3708,74.400002,-280.0,20000
1628,-3511,-8310,-17.6,-429.399994,19989
1629,-6332,-10373,-26.6,-557.799988,19999
1630,-5365,-10429,-58.0,-522.599976,19999
1631,-7872,-9677,-136.800003,-281.600006,19999
1632,-7417,-9382,-72.599998,-262.399994,19999
1633,-7164,-9659,-85.599998,-335.799988,19999
1634,-7817,-9696,-134.600006,-326.399994,19999
1635,-8279,-9671,-170.399994,-333.0,19999
1636,-8661,-9726,-209.199997,-348.799988,19999
1637,-9006,-9776,-244.199997,-346.600006,20005
1638,-9443,-6671,-266.600006,-281.0,19993
1639,-9603,-6764,-256.0,-321.399994,20005
1640,-10004,-5365,-305.200012,-307.200012,19994
1641,-10022,-3942,-304.600006,-261.399994,19998
1642,-10355,-3326,-319.600006,-231.399994,20009
1643,-6924,598,-251.399994,-162.0,19989
1644,-8334,6530,-305.799988,255.800003,20004
1645,-7755,8562,-302.399994,33.200001,19996
1646,-9597,5094,-373.0,-18.0,19998
1647,-9763,6222,-327.799988,-18.0,19999
1648,-9776,5883,-320.0,-28.4,19999
1649,-9696,6006,-309.399994,-6.2,19999
1650,-9671,7041,-328.200012,110.599998,20000
1651,-9573,8488,-309.0,191.399994,19998
1652,-9585,8186,-316.399994,170.199997,20000
1653,-9696,7299,-336.399994,149.800003,19998
1654,-9653,8993,-337.600006,249.600006,19999
1655,-9683,8501,-348.799988,223.0,20000
1656,-9690,9486,-331.0,259.600006,19999
1657,-9726,9523,-355.0,273.0,20000
1658,-9683,9591,-331.200012,292.600006,19998
1659,-9800,9757,-346.0,322.799988,19999
1660,-9880,9874,-331.799988,347.399994,19999
1661,-9893,9880,-365.799988,332.200012,19999
1662,-9930,9936,-344.0,362.399994,19999
1663,-9985,9973,-362.200012,352.600006,19999
1664,-9998,10010,-365.799988,368.600006,19999
1665,-10034,10041,-375.799988,374.600006,19999
1666,-10065,10059,-368.0,386.600006,19999
1667,-10164,10213,-389.399994,410.799988,19999
1668,-10152,10170,-383.200012,387.200012,19999
1669,-10182,10207,-405.0,411.0,20005
1670,-10490,7835,-373.399994,354.200012,19999
1671,-10731,5365,-429.600006,288.200012,19999
1672,-10373,-1565,-384.200012,167.600006,19998
1673,-10416,-4897,-420.0,-229.199997,19995
1674,-9726,-6690,-387.399994,-126.400002,19999
1675,-10041,-4398,-390.399994,-126.400002,19999
1676,-9837,-6893,-366.200012,-126.400002,19999
1677,-9961,-6376,-403.600006,-32.0,19999
1678,-9776,-7176,-358.399994,-61.599998,19999
1679,-9837,-6400,-355.200012,-42.799999,19999
1680,-9899,-6684,-380.799988,-60.200001,19999
1681,-9850,-8698,-394.600006,-215.800003,19999
1682,-9800,-8704,-367.399994,-186.600006,19999
1683,-9813,-8883,-373.0,-220.600006,19999
1684,-9813,-9548,-377.600006,-295.0,20004
1685,-10398,-3924,-411.200012,-165.600006,19999
1686,-10429,-5076,-390.600006,-164.399994,19999
1687,-10700,-4749,-439.0,-287.600006,19993
1688,-10724,-3573,-391.0,-234.0,20000
1689,-10786,-1971,-403.799988,-134.199997,19998
1690,-10817,-924,-440.600006,-69.800003,19999
1691,-10811,-1072,-419.799988,-87.599998,20000
1692,-10891,-2717,-452.600006,-232.600006,19999
1693,-10891,-3203,-447.600006,-227.0,20000
1694,-10872,-3061,-422.600006,-214.199997,19998
1695,-10854,-2834,-439.799988,-212.199997,19999
1696,-10835,-2285,-419.200012,-167.199997,19999
1697,-10823,-1700,-424.399994,-130.399994,19999
1698,-10829,-1257,-421.399994,-106.0,20121
1699,-10866,-942,-446.200012,-86.400002,19877
1700,-10835,-832,-413.600006,-82.199997,19999
1701,-10977,-930,-459.399994,-88.400002,19999
1702,-10854,-1244,-420.799988,-113.800003,19999
1703,-10854,-1337,-413.0,-118.400002,21038
1704,-10885,-1250,-450.799988,-107.400002,19997
1705,-10829,-1053,-407.200012,-95.599998,19999
1706,-10860,-912,-434.600006,-86.199997,19999
1707,-10860,-832,-435.0,-79.400002,19999
1708,-10829,-739,-404.0,-71.0,19999
1709,-10755,-721,-396.0,-64.0,19999
1710,-10768,-721,-396.799988,-60.200001,20000
1711,-10768,-715,-411.0,-51.200001,19999
1712,-10755,-671,-378.799988,-43.599998,19998
1713,-10774,-561,-412.799988,-39.599998,19999
1714,-10749,-517,-387.799988,-33.599998,20005
1715,-10749,425,-400.600006,-28.0,19999
1716,-10650,2501,-399.600006,11.0,19998
1717,-10386,5544,-406.799988,145.0,20000
1718,-3875,7460,-274.600006,115.800003,19993
1719,4410,6936,186.0,117.599998,20005
1720,1183,7792,-106.199997,167.800003,19994
1721,6603,8716,43.200001,184.800003,20000
1722,6283,8316,56.200001,175.800003,19998
1723,6185,8642,56.200001,205.399994,19999
1724,6104,8661,51.0,196.199997,20000
1725,6246,8741,21.6,200.0,19999
1726,8156,8889,171.199997,257.399994,19999
1727,8421,9215,176.399994,258.799988,19998
1728,8482,9369,205.0,272.600006,19999
1729,8796,9406,224.199997,276.399994,20001
1730,9123,9462,257.600006,289.200012,19997
1731,9425,9603,278.600006,322.799988,20000
1732,9511,9646,281.399994,323.600006,20000
1733,9628,9782,308.600006,346.200012,19997
1734,9807,9930,335.600006,372.600006,20007
1735,10145,7207,337.0,284.600006,20001
1736,6388,-979,259.399994,180.600006,20000
1737,7589,-2402,337.600006,-91.400002,19989
1738,9609,-6222,422.0,-71.0,20000
1739,9948,-5723,372.600006,-71.0,19997
1740,9850,-6376,369.0,-71.0,20000
1741,9954,-6252,393.600006,-70.199997,19999
1742,10022,-6246,418.600006,-55.799999,19999
1743,10028,-6209,405.0,-55.799999,19999
1744,10047,-6277,403.200012,-69.0,20000
1745,9930,-7909,403.200012,-152.600006,19999
1746,9880,-8907,396.399994,-241.600006,19999
1747,9807,-8993,382.0,-219.600006,20000
1748,9880,-9228,386.399994,-235.600006,19999
1749,9825,-9536,376.200012,-281.399994,19998
1750,9917,-9794,389.799988,-306.0,20001
1751,10010,-9917,391.399994,-334.799988,19997
1752,10016,-9948,391.399994,-343.600006,20000
1753,10053,-10059,388.600006,-390.600006,19998
1754,10071,-10127,376.600006,-391.200012,19999
1755,10201,-10238,399.600006,-420.399994,20000
1756,10207,-10312,364.0,-431.600006,20008
1757,4053,-8402,277.200012,-386.600006,20132
1758,-2051,-7521,-50.599998,-377.200012,19856
1759,-4983,-9634,-79.199997,-460.200012,19999
1760,-6024,-9942,-25.0,-472.399994,20000
1761,-6283,-10336,-25.0,-455.200012,19999
1762,-6252,-10225,-25.0,-423.600006,20130
1763,-6178,-10275,-20.200001,-442.399994,19868
1764,-6388,-10293,-45.599998,-454.399994,20005
1765,-7515,-8519,-113.599998,-398.799988,20000
1766,-8488,-5131,-187.800003,-329.600006,19998
1767,-9129,-3068,-226.800003,-216.600006,19994
1768,-9591,-2834,-258.399994,-207.800003,20000
1769,-9474,-2630,-238.0,-201.600006,19998
1770,-9837,-4380,-290.399994,-365.0,20000
1771,-10269,-5304,-304.799988,-374.799988,19999
1772,-10262,-5162,-330.0,-350.200012,19998
1773,-10453,-4743,-341.799988,-324.799988,20000
1774,-10490,-3998,-338.600006,-264.200012,19999
1775,-10564,-3252,-368.0,-231.600006,20001
1776,-10595,-2649,-344.200012,-185.199997,19996
1777,-10620,-1823,-373.399994,-134.399994,20000
1778,-10724,-1281,-400.399994,-105.0,19999
1779,-10743,-1035,-409.799988,-103.599998,19999
1780,-10749,-1866,-389.200012,-171.399994,20001
1781,-10792,-2569,-426.399994,-199.199997,19997
1782,-10737,-2458,-391.799988,-182.600006,19999
1783,-10798,-2205,-420.0,-167.0,19999
1784,-10786,-1645,-400.799988,-127.0,19999
1785,-10829,-1195,-417.0,-102.800003,19999
1786,-10761,-936,-398.600006,-85.0,20000
1787,-10768,-788,-394.600006,-70.199997,19998
1788,-10768,-727,-421.200012,-61.400002,19999
1789,-10768,-819,-390.799988,-75.800003,20000
1790,-10817,-936,-434.399994,-92.400002,19998
1791,-10780,-936,-386.0,-91.800003,19999
1792,-10774,-881,-402.600006,-83.400002,19999
1793,-10768,-795,-400.200012,-75.0,20000
1794,-10768,-721,-399.600006,-65.199997,19999
1795,-10761,-715,-393.799988,-58.200001,19998
1796,-10792,-708,-407.600006,-49.599998,20000
1797,-10743,-598,-407.0,-40.400002,19999
1798,-10761,-511,-372.399994,-35.0,19999
1799,-10731,-511,-405.0,-33.200001,19999
1800,-10663,-610,-354.799988,-36.0,20003
1801,-10564,-2064,-367.0,-56.400002,20000
1802,-10306,-6092,-335.0,-255.199997,19994
1803,-10071,-9616,-372.0,-431.200012,20132
1804,-10090,-9998,-347.799988,-351.600006,19867
1805,-9708,-9505,-352.799988,-190.600006,19998
1806,-9776,-8285,-365.399994,-198.399994,19999
1807,-9757,-9098,-354.799988,-228.600006,19999
1808,-9788,-9573,-363.0,-273.799988,20965
1809,-9837,-9751,-343.200012,-309.799988,19997
1810,-9930,-9856,-380.600006,-332.0,19999
1811,-9967,-9917,-370.600006,-346.799988,19999
1812,-10047,-10004,-376.600006,-362.0,19998
1813,-10059,-10065,-373.200012,-378.0,19999
1814,-10158,-10090,-403.799988,-378.799988,19999
1815,-10182,-10201,-388.0,-410.399994,19998
1816,-10306,-10287,-425.0,-418.600006,20000
1817,-10318,-10312,-410.200012,-411.399994,19999
1818,-10342,-10367,-400.600006,-433.399994,19998
1819,-10435,-10447,-448.0,-438.0,20000
1820,-10423,-10429,-412.399994,-443.799988,19999
1821,-10460,-10466,-442.600006,-456.600006,20000
1822,-10472,-10490,-441.200012,-441.399994,19999
1823,-10533,-10527,-447.799988,-462.200012,20000
1824,-10496,-10583,-424.799988,-471.0,20004
1825,-10761,-9326,-470.799988,-445.399994,19999
1826,-10841,-7928,-451.399994,-410.399994,19994
1827,-10971,-5587,-450.0,-352.600006,19999
1828,-11069,-4571,-482.0,-302.0,19999
1829,-11063,-3985,-463.399994,-272.200012,19999
1830,-11094,-3677,-474.600006,-271.200012,19999
1831,-11094,-4503,-495.600006,-356.799988,19999
1832,-11057,-5698,-473.799988,-408.0,19999
1833,-11094,-5686,-470.399994,-390.600006,19999
1834,-11100,-5427,-488.799988,-376.600006,20000
1835,-11069,-4953,-463.0,-336.200012,19998
1836,-11100,-4152,-477.600006,-277.200012,19999
1837,-11032,-3302,-463.0,-226.600006,20000
1838,-11057,-2852,-470.399994,-201.199997,19998
1839,-11082,-2575,-463.399994,-202.600006,20000
1840,-11051,-2569,-463.0,-199.800003,19998
1841,-11106,-3425,-481.399994,-265.600006,19999
1842,-11082,-3573,-476.200012,-259.600006,20000
1843,-11051,-3326,-449.600006,-243.199997,19999
1844,-11051,-3043,-463.200012,-226.800003,20005
1845,-10965,-4133,-441.0,-203.800003,19992
1846,-10490,-8377,-429.399994,-374.600006,20000
1847,-10564,-10293,-432.200012,-453.600006,19999
1848,-10318,-10262,-436.399994,-391.0,19998
1849,-10065,-9733,-433.600006,-207.0,20001
1850,-10102,-9419,-440.600006,-302.799988,20007
1851,-7694,-7238,-352.399994,-258.200012,19999
1852,-394,-1010,-186.399994,-125.400002,20000
1853,3277,3567,0.0,45.0,19989
1854,6585,7546,0.0,100.599998,20008
1855,4232,5852,0.0,22.200001,19990
1856,6782,5864,16.0,22.200001,19999
1857,6246,5950,16.0,13.2,19999
1858,5840,5679,50.599998,13.2,19999
1859,6295,6024,50.200001,-0.0,19999
1860,6222,6031,50.200001,63.0,19999
1861,7497,7755,121.0,141.199997,19999
1862,8008,8562,146.399994,255.0,20009
1863,5162,6339,109.400002,163.399994,19989
1864,7336,7965,183.199997,162.399994,19999
1865,9061,9228,226.199997,268.200012,20009
1866,4109,-456,146.199997,42.599998,19999
1867,4700,-2907,102.800003,-132.0,19990
1868,8821,-7109,346.399994,-206.199997,19999
1869,9178,-8519,239.399994,-153.399994,19999
1870,9252,-5070,236.199997,-0.0,19999
1871,9234,-6499,270.200012,-0.0,19999
1872,9462,-6074,291.0,-0.0,19999
1873,9548,-6474,311.799988,-0.0,19999
1874,9499,-7866,315.0,-143.199997,19999
1875,9474,-8673,319.0,-187.199997,19999
1876,9486,-8396,312.399994,-176.600006,19999
1877,9511,-8766,319.799988,-210.199997,19999
1878,9573,-8766,324.200012,-209.199997,20000
1879,9640,-9419,343.600006,-278.799988,19999
1880,9708,-9609,359.399994,-287.600006,19999
1881,9696,-9628,340.600006,-286.399994,19998
1882,9696,-9714,318.399994,-322.600006,20000
1883,9807,-9819,339.200012,-346.0,19999
1884,9856,-9905,336.0,-355.799988,20000
1885,9911,-9967,355.799988,-361.600006,19999
1886,9942,-10010,337.799988,-380.799988,20000
1887,9961,-10090,341.799988,-410.0,19999
1888,9954,-10115,334.600006,-429.200012,19999
1889,9985,-10195,327.399994,-427.200012,19999
1890,9991,-10238,333.600006,-440.200012,20000
1891,9973,-10195,324.200012,-430.0,19998
1892,10016,-10256,336.200012,-431.799988,20000
1893,10041,-10262,343.399994,-437.600006,19999
1894,10059,-10269,344.600006,-448.200012,19999
1895,10071,-10324,345.600006,-469.200012,20000
1896,10078,-10318,339.0,-457.799988,19998
1897,10207,-10404,373.799988,-490.0,19999
1898,10152,-10410,335.799988,-484.600006,19999
1899,10219,-10447,365.799988,-492.600006,19999
1900,10176,-10410,352.799988,-480.799988,19999
1901,10232,-10460,359.200012,-474.399994,19999
1902,10275,-10472,377.0,-488.0,19999
1903,10281,-10460,373.600006,-485.600006,19999
1904,10250,-10447,364.799988,-465.0,19999
1905,10275,-10509,382.799988,-480.200012,19999
1906,10306,-10509,364.399994,-484.0,20000
1907,10336,-10533,380.600006,-494.399994,19998
1908,10299,-10521,382.799988,-493.0,20000
1909,10324,-10552,377.0,-487.399994,19999
1910,10324,-10515,385.399994,-492.600006,19998
1911,10299,-10527,368.0,-489.799988,19999
1912,10312,-10503,389.200012,-474.600006,20000
1913,10392,-10589,411.600006,-486.600006,19999
1914,10373,-10589,389.0,-483.200012,19999
1915,10361,-10540,393.600006,-468.200012,19999
1916,10367,-10533,397.399994,-465.200012,20004
1917,-887,-10139,204.600006,-471.200012,19998
1918,-2027,-10878,-32.799999,-487.200012,19994
1919,-5575,-10780,0.0,-496.600006,20000
1920,-6376,-9880,0.0,-485.0,19999
1921,-6061,-10546,-6.8,-489.399994,19999
1922,-7275,-10299,-65.199997,-446.399994,19999
1923,-7922,-10102,-110.0,-441.200012,19999
1924,-6739,-10102,-57.799999,-438.600006,19999
1925,-6862,-9998,-31.799999,-390.600006,19999
1926,-6419,-10071,-31.0,-424.200012,19999
1927,-7109,-10225,-92.199997,-436.799988,19999
1928,-7891,-10078,-120.400002,-429.799988,19999
1929,-8365,-10059,-169.199997,-444.200012,20004
1930,-8593,-7614,-184.399994,-386.0,19999
1931,-9289,-2482,-236.600006,-160.800003,19994
1932,-9104,-1817,-230.199997,-155.199997,19999
1933,-9653,-2248,-271.200012,-188.600006,19999
1934,-10158,-4139,-307.399994,-348.399994,20000
1935,-10213,-5008,-310.600006,-351.0,19998
1936,-10379,-4916,-332.600006,-348.200012,19999
1937,-10410,-4534,-312.600006,-314.600006,19999
1938,-10484,-3979,-358.200012,-272.399994,19999
1939,-10570,-3431,-351.0,-243.399994,20000
1940,-10583,-2612,-359.200012,-176.199997,19998
1941,-10620,-1663,-353.399994,-123.400002,19999
1942,-10620,-1072,-381.399994,-92.0,20000
1943,-10638,-838,-366.200012,-77.400002,19998
1944,-10601,-739,-357.799988,-64.599998,20000
1945,-10626,-1768,-369.799988,-170.0,19999
1946,-10626,-2519,-371.200012,-195.800003,19998
1947,-10607,-2421,-351.0,-184.600006,20005
1948,-10533,-1602,-318.600006,-125.0,19994
1949,-10293,-1177,-302.799988,-64.199997,20005
1950,-10047,-3973,-263.399994,-56.599998,20003
1951,-1066,949,-133.399994,-119.599998,19996
1952,1090,1349,98.599998,73.599998,19990
1953,1318,813,114.199997,64.400002,19999
1954,1103,622,104.400002,51.799999,20000
1955,949,203,91.800003,38.0,20011
1956,2316,2014,100.400002,18.799999,19998
1957,5926,6918,270.200012,230.800003,19990
1958,9141,9406,261.799988,315.600006,19999
1959,8957,9030,211.0,153.199997,20142
1960,8747,5199,148.800003,67.199997,19856
1961,7996,7527,124.199997,190.600006,19999
1962,8568,8710,169.800003,196.199997,19999
1963,8636,8285,182.199997,161.800003,19999
1964,8870,8950,214.0,206.600006,20129
1965,9024,8963,235.399994,262.600006,19870
1966,9160,9357,243.199997,258.399994,19998
1967,9240,9406,254.800003,269.799988,20009
1968,7164,7213,261.600006,260.399994,19990
1969,6794,6647,235.800003,218.399994,20008
1970,3086,5864,259.600006,303.799988,19999
1971,-1829,2581,21.6,125.0,19998
1972,-5852,6376,-105.0,294.200012,19991
1973,-6499,9209,-38.799999,421.0,19998
1974,-6517,10182,-24.4,436.799988,19999
1975,-6252,9665,-24.4,277.600006,20000
1976,-6049,9585,-24.4,316.799988,19998
1977,-5994,9844,-27.0,355.0,20000
1978,-6326,9831,-19.6,335.200012,19999
1979,-7854,9597,-106.0,331.200012,19998
1980,-8211,9702,-149.600006,347.0,20000
1981,-7780,9782,-141.199997,343.200012,19998
1982,-8975,9708,-196.399994,361.399994,20000
1983,-8839,9782,-198.0,364.0,19999
1984,-9209,9825,-208.600006,380.399994,19999
1985,-9455,9868,-252.399994,378.399994,20004
1986,-9419,7725,-261.600006,322.600006,19999
1987,-9474,-456,-283.799988,130.0,19994
1988,-10145,-1651,-309.0,-86.400002,19999
1989,-10071,-4435,-321.0,-39.200001,19999
1990,-9289,-6862,-319.0,-22.799999,20000
1991,-9776,-6240,-340.200012,-22.799999,19998
1992,-9856,-6314,-362.399994,-13.4,19999
1993,-9887,-6228,-339.200012,-13.4,19999
1994,-9880,-6499,-374.600006,-12.6,20005
1995,-5778,-7441,-234.0,-123.199997,19994
1996,-3160,-8759,-180.600006,-198.600006,20004
1997,-2390,-9129,-174.399994,-209.199997,19994
1998,-2181,-9419,-174.399994,-252.800003,19999
1999,-2618,-9794,-209.0,-261.200012,19999
2000,-2926,-10028,-220.800003,-282.600006,20000
2001,-3000,-10299,-226.0,-329.799988,19999
2002,-2889,-10392,-226.800003,-317.799988,19998
2003,-2673,-10466,-198.399994,-349.799988,19999
2004,-2433,-10558,-182.600006,-354.0,19999
2005,-2101,-10638,-162.199997,-391.200012,19999
2006,-1823,-10694,-144.0,-387.200012,19999
2007,-1491,-10694,-121.0,-396.799988,19999
2008,-1189,-10731,-101.800003,-407.600006,19999
2009,-906,-10774,-84.400002,-411.799988,20000
2010,-788,-10798,-75.199997,-416.600006,19998
2011,-752,-10829,-72.599998,-422.399994,20000
2012,-986,-10903,-97.199997,-437.0,19999
2013,-1023,-10983,-100.199997,-456.799988,19999
2014,-838,-10965,-82.599998,-435.399994,19999
2015,-715,-10958,-61.0,-432.799988,19998
2016,-665,-10965,-47.599998,-452.200012,20000
2017,-499,-10971,-37.400002,-426.600006,19999
2018,-407,-10989,-30.799999,-445.200012,19999
2019,-382,-11020,-26.200001,-452.399994,19999
2020,-253,-11045,-21.200001,-447.799988,19999
2021,-123,-11008,-17.6,-443.200012,19999
2022,-55,-10989,-17.6,-454.0,20004
2023,-733,-10965,-17.4,-435.600006,19994
2024,-1078,-10965,-28.6,-437.200012,20004
2025,-2901,-10700,-65.599998,-437.200012,19994
2026,-8254,-10281,-329.399994,-416.0,19999
2027,-9511,-9985,-217.399994,-408.399994,19999
2028,-9147,-9998,-239.199997,-424.200012,19999
2029,-9683,-9979,-312.600006,-378.399994,20000
2030,-9844,-10004,-316.799988,-406.200012,19998
2031,-9807,-9942,-261.200012,-406.0,20000
2032,-9566,-9831,-236.0,-403.0,19999
2033,-9394,-9930,-253.199997,-398.0,19999
2034,-9708,-9985,-303.600006,-396.399994,19999
2035,-9825,-9979,-276.200012,-417.799988,19999
2036,-9770,-9954,-284.399994,-398.200012,20000
2037,-9905,-10028,-323.600006,-406.799988,19998
2038,-9961,-10096,-317.200012,-404.799988,19999
2039,-10034,-10139,-356.799988,-410.200012,20000
2040,-10047,-10182,-330.0,-422.0,19999
2041,-10108,-10244,-365.399994,-424.200012,20136
2042,-10238,-10275,-384.600006,-423.200012,19861
2043,-10256,-10318,-401.399994,-446.600006,19999
2044,-10324,-10373,-398.0,-436.0,20000
2045,-10416,-10460,-437.0,-444.200012,19999
2046,-10398,-10460,-409.799988,-449.799988,21037
2047,-10453,-10496,-432.799988,-446.600006,19997
2048,-10490,-10577,-451.399994,-477.0,19998
2049,-10496,-10540,-440.600006,-478.799988,20003
2050,-10496,-10583,-432.600006,-453.0,19996
2051,-10564,-10589,-465.0,-467.200012,19999
2052,-10564,-10607,-458.600006,-471.0,19999
2053,-10577,-10620,-442.799988,-476.0,19998
2054,-10681,-10706,-479.200012,-499.0,20001
2055,-10669,-10755,-465.600006,-508.0,19998
2056,-10694,-10749,-463.0,-509.200012,19998
2057,-10681,-10712,-488.600006,-487.0,20000
2058,-10681,-10731,-473.200012,-490.799988,19999
2059,-10712,-10737,-477.0,-496.0,20000
2060,-10718,-10743,-477.799988,-500.200012,19998
2061,-10731,-10786,-472.0,-498.799988,19999
2062,-10749,-10774,-500.200012,-502.200012,20000
2063,-10749,-10780,-485.600006,-518.400024,19999
2064,-10768,-10798,-497.200012,-504.799988,20129
2065,-10811,-10804,-496.399994,-508.600006,19869
2066,-10823,-10841,-494.600006,-516.599976,19998
2067,-10872,-10897,-503.200012,-530.200012,20000
2068,-10872,-10903,-517.0,-514.799988,20000
2069,-10817,-10829,-496.799988,-507.799988,20128
2070,-10835,-10829,-500.399994,-503.0,19868
2071,-10811,-10829,-486.399994,-498.0,20006
2072,-8205,-11143,-463.0,-525.799988,19992
2073,-5926,-11266,-386.200012,-513.799988,19999
2074,-5230,-11242,-359.600006,-511.0,19999
2075,-4811,-11310,-340.0,-513.200012,19999
2076,-4528,-11291,-328.0,-524.200012,20004
2077,-1220,-11291,-238.399994,-532.200012,19999
2078,2606,-11051,-97.800003,-513.200012,19994
2079,7380,-10145,0.0,-488.399994,20001
2080,5815,-10589,0.0,-498.200012,19999
2081,6369,-10490,12.0,-506.399994,19998
2082,6228,-10503,27.4,-474.200012,20001
2083,6277,-10472,27.4,-474.600006,19997
2084,6332,-10447,40.200001,-489.0,19999
2085,7232,-10330,74.400002,-459.0,20000
2086,7607,-10102,113.599998,-447.399994,19998
2087,8341,-10115,169.600006,-463.0,20001
2088,8254,-10090,169.0,-437.799988,19998
2089,8390,-10078,197.800003,-439.200012,19999
2090,8876,-10133,239.399994,-460.399994,19999
2091,9492,-10090,270.399994,-433.200012,20008
2092,7447,-9203,279.399994,-413.0,19997
2093,4946,-6185,215.800003,-312.799988,19989
2094,2458,-4152,162.0,-270.0,19999
2095,1731,-3425,138.199997,-229.800003,19999
2096,1423,-2981,120.800003,-215.199997,19998
2097,1404,-2760,123.0,-216.800003,20000
2098,1854,-3289,157.800003,-260.399994,19999
2099,2064,-4041,170.399994,-296.799988,19999
2100,2076,-3973,153.399994,-282.600006,20012
2101,-1029,-1140,106.199997,-222.600006,19998
2102,-5033,4706,-38.400002,74.400002,19999
2103,-2464,6351,-62.0,99.800003,19991
2104,-4349,6258,-76.199997,99.800003,20000
2105,-8020,6178,-101.199997,99.800003,19996
2106,-7367,6055,-91.599998,21.200001,20000
2107,-7312,7158,-63.599998,95.400002,19998
2108,-7897,8334,-124.199997,167.800003,20000
2109,-7121,7688,-122.599998,89.0,19999
2110,-8568,8248,-160.0,164.0,20139
2111,-5760,7133,-159.0,201.800003,19866
2112,-3499,5390,-80.0,139.199997,19990
2113,-1035,610,-50.799999,81.800003,19998
2114,-308,55,-33.799999,15.4,20000
2115,-43,18,-22.6,8.4,20964
2116,-86,240,-22.6,5.2,19997
2117,-524,715,-24.799999,55.599998,20000
2118,-708,1096,-53.799999,102.400002,19999
2119,-616,1115,-41.799999,104.400002,19999
2120,-394,850,-36.599998,76.800003,19999
2121,-105,111,-21.0,60.400002,19999
2122,-18,-18,-21.0,9.6,19999
2123,-6,6,-21.0,9.6,19999
2124,-6,6,-20.0,5.2,19999
2125,-6,6,-20.0,5.2,19999
2126,-6,6,-15.4,-0.0,19999
2127,-6,6,-14.2,-6.6,19999
2128,-6,6,0.0,-6.6,19999
2129,-6,0,0.0,-0.0,19999
2130,-6,0,0.0,-0.0,19999
2131,0,0,0.0,-0.0,19999
2132,-6,0,0.0,-0.0,19999
2133,-6,6,0.0,-0.0,19999
2134,-6,0,0.0,-0.0,19999
2135,-6,6,0.0,-0.0,19999
2136,-6,6,0.0,-0.0,19999
2137,-6,-6,0.0,-0.0,19999
2138,0,0,0.0,-0.0,19998
2139,-6,0,0.0,-0.0,19999
2140,0,6,0.0,-0.0,19998
2141,0,-6,0.0,-0.0,19999
2142,-6,-6,0.0,-0.0,20000
2143,0,0,0.0,-0.0,19998
2144,0,0,0.0,-0.0,20000
2145,-6,6,0.0,-0.0,19999
2146,-6,0,0.0,-0.0,19999
2147,-6,0,0.0,-0.0,19999
2148,0,0,0.0,-0.0,19999
2149,-6,0,0.0,-0.0,19999
2150,0,0,0.0,-0.0,19999
2151,0,-6,0.0,-0.0,19999
2152,0,0,0.0,-0.0,19998
2153,0,6,0.0,-0.0,19999
2154,-6,0,0.0,-0.0,19999
2155,0,6,0.0,-0.0,19999
2156,0,0,0.0,-0.0,20000
2157,0,6,0.0,-0.0,19998
2158,-6,0,0.0,-0.0,19999
2159,-6,-6,0.0,-0.0,19999
2160,-6,0,0.0,-0.0,19999
2161,-6,0,0.0,-0.0,20000
2162,-6,6,0.0,-0.0,19998
2163,-6,0,0.0,-0.0,19999
2164,-6,0,0.0,-0.0,19999
