x,y,theta,left_voltage,right_voltage,left_velo,right_velo,left_accel,right_accel,left_eff,right_eff,dt
0.000000,0.000000,0.000000,0,0,-0.000000,0.000000,0.000000,0.000000,0.000000,0.000000,31
-0.044664,-0.066996,0.000002,6,0,-0.000000,0.000000,0.000000,0.000000,0.000000,0.000000,19200
-0.044664,-0.066996,0.000008,0,6,-0.000000,0.000000,0.000000,0.000000,0.000000,0.000000,19999
-0.044664,-0.073479,0.000015,6,-6,-0.000000,0.000000,0.000000,0.000000,0.000000,0.000000,19998
-0.044664,-0.073479,0.000025,6,-6,-0.000000,0.000000,0.000000,0.000000,0.000000,0.000000,20000
-0.044664,-0.073479,0.000036,0,0,-0.000000,0.000000,0.000000,0.000000,0.000000,0.000000,20000
-0.044664,-0.073479,0.000049,6,-6,-0.000000,0.000000,0.000000,0.000000,0.000000,0.000000,20000
-0.044664,-0.073479,0.000064,6,-6,-0.000000,0.000000,0.000000,0.000000,0.000000,0.000000,19998
-0.044664,-0.073479,0.000080,0,6,-0.000000,0.000000,0.000000,0.000000,0.000000,0.000000,20000
-0.044664,-0.073479,0.000098,0,6,-0.000000,0.000000,0.000000,0.000000,0.000000,0.000000,19999
-0.044664,-0.073479,0.000117,6,-6,-0.000000,0.000000,0.000000,0.000000,0.000000,0.000000,20000
-0.044664,-0.073479,0.000139,0,0,-0.000000,0.000000,0.000000,0.000000,0.000000,0.000000,19998
-0.044664,-0.073479,0.000162,6,-6,-0.000000,0.000000,0.000000,0.000000,0.000000,0.000000,19999
-0.044664,-0.073479,0.000187,6,0,-0.000000,0.000000,0.000000,0.000000,0.000000,0.000000,20000
-0.044664,-0.073479,0.000214,0,0,-0.000000,0.000000,0.000000,0.000000,0.000000,0.000000,19999
-0.044664,-0.073479,0.000242,0,6,-0.000000,0.000000,0.000000,0.000000,0.000000,0.000000,19998
-0.044664,-0.073479,0.000272,0,6,-0.000000,0.000000,0.000000,0.000000,0.000000,0.000000,19999
-0.044664,-0.073479,0.000303,0,0,-0.000000,0.000000,0.000000,0.000000,0.000000,0.000000,20000
-0.044664,-0.073479,0.000336,6,0,-0.000000,0.000000,0.000000,0.000000,0.000000,0.000000,19999
-0.044664,-0.073479,0.000371,6,-6,-0.000000,0.000000,0.000000,0.000000,0.000000,0.000000,19998
-0.044664,-0.073479,0.000409,0,0,-0.000000,0.000000,0.000000,0.000000,0.000000,0.000000,20000
-0.044664,-0.073479,0.000448,6,0,-0.000000,0.000000,0.000000,0.000000,0.000000,0.000000,19999
-0.044664,-0.073479,0.000488,6,0,-0.000000,0.000000,0.000000,0.000000,0.000000,0.000000,19999
-0.044664,-0.073479,0.000529,6,6,-0.000000,0.000000,0.000000,0.000000,0.000000,0.000000,19999
-0.044664,-0.073479,0.000572,0,0,-0.000000,0.000000,0.000000,0.000000,0.000000,0.000000,19999
-0.044664,-0.073479,0.000617,-6,0,-0.000000,0.000000,0.000000,0.000000,0.000000,0.000000,20000
-0.044664,-0.073479,0.000664,0,0,-0.000000,0.000000,0.000000,0.000000,0.000000,0.000000,19999
-0.044664,-0.073479,0.000714,6,6,-0.000000,0.000000,0.000000,0.000000,0.000000,0.000000,19999
-0.044664,-0.073479,0.000764,0,6,-0.000000,0.000000,0.000000,0.000000,0.000000,0.000000,19999
-0.044664,-0.073479,0.000816,0,0,-0.000000,0.000000,0.000000,0.000000,0.000000,0.000000,19999
-0.044664,-0.073479,0.000868,0,0,-0.000000,0.000000,0.000000,0.000000,0.000000,0.000000,19999
-0.044664,-0.073479,0.000908,0,0,-0.000000,0.000000,0.000000,0.000000,0.000000,0.000000,19999
-0.044664,-0.073479,0.000954,6,6,-0.000000,0.000000,0.000000,0.000000,0.000000,0.000000,19999
-0.044664,-0.073479,0.000959,-6,6,-0.000000,0.000000,0.000000,0.000000,0.000000,0.000000,19999
-0.044664,-0.073479,0.000958,0,0,-0.000000,0.000000,0.000000,0.000000,0.000000,0.000000,19998
-0.044664,-0.073479,0.001005,0,0,-0.000000,0.000000,0.000000,0.000000,0.000000,0.000000,19999
-0.044664,-0.073479,0.001017,0,0,-0.000000,0.000000,0.000000,0.000000,0.000000,0.000000,20000
-0.044664,-0.073479,0.001062,6,0,-0.000000,0.000000,0.000000,0.000000,0.000000,0.000000,19999
-0.044664,-0.073479,0.001073,0,-6,-0.000000,0.000000,0.000000,0.000000,0.000000,0.000000,19998
-0.044664,-0.073479,0.001085,0,-6,-0.000000,0.000000,0.000000,0.000000,0.000000,0.000000,19999
-0.044664,-0.073479,0.001113,6,0,-0.000000,0.000000,0.000000,0.000000,0.000000,0.000000,19999
-0.044664,-0.073479,0.001117,12,6,-0.000000,0.000000,0.000000,0.000000,0.000000,0.000000,20000
-0.044664,-0.073479,0.001120,6,0,-0.000000,0.000000,0.000000,0.000000,0.000000,0.000000,19999
-0.044664,-0.073479,0.001169,0,6,-0.000000,0.000000,0.000000,0.000000,0.000000,0.000000,19999
-0.044664,-0.073479,0.001180,6,0,-0.000000,0.000000,0.000000,0.000000,0.000000,0.000000,20000
-0.044664,-0.073479,0.001191,6,0,-0.000000,0.000000,0.000000,0.000000,0.000000,0.000000,19998
-0.044664,-0.073479,0.001218,0,-6,-0.000000,0.000000,0.000000,0.000000,0.000000,0.000000,20000
-0.044664,-0.073479,0.001203,0,-6,-0.000000,0.000000,0.000000,0.000000,0.000000,0.000000,19999
-0.044664,-0.073479,0.001212,6,0,-0.000000,0.000000,0.000000,0.000000,0.000000,0.000000,19998
-0.044664,-0.073479,0.001252,0,0,-0.000000,0.000000,0.000000,0.000000,0.000000,0.000000,20000
-0.044664,-0.073479,0.001262,0,-6,-0.000000,0.000000,0.000000,0.000000,0.000000,0.000000,19999
-0.044664,-0.073479,0.001262,0,-6,-0.000000,0.000000,0.000000,0.000000,0.000000,0.000000,19999
-0.044664,-0.073479,0.001264,6,0,-0.000000,0.000000,0.000000,0.000000,0.000000,0.000000,19999
-0.044664,-0.073479,0.001260,0,-6,-0.000000,0.000000,0.000000,0.000000,0.000000,0.000000,19999
-0.044664,-0.073479,0.001288,6,-6,-0.000000,0.000000,0.000000,0.000000,0.000000,0.000000,19999
-0.044664,-0.073479,0.001298,6,-6,-0.000000,0.000000,0.000000,0.000000,0.000000,0.000000,19999
-0.044664,-0.073479,0.001276,0,6,-0.000000,0.000000,0.000000,0.000000,0.000000,0.000000,20001
-0.044664,-0.073479,0.001259,6,0,-0.000000,0.000000,0.000000,0.000000,0.000000,0.000000,19998
-0.044664,-0.073479,0.001222,6,-6,-0.000000,0.000000,0.000000,0.000000,0.000000,0.000000,19999
-0.044664,-0.073479,0.001241,6,0,-0.000000,0.000000,0.000000,0.000000,0.000000,0.000000,19999
-0.044664,-0.073479,0.001289,0,-6,-0.000000,0.000000,0.000000,0.000000,0.000000,0.000000,19999
-0.044664,-0.073479,0.001288,0,-6,-0.000000,0.000000,0.000000,0.000000,0.000000,0.000000,20001
-0.044664,-0.073479,0.001269,0,-6,-0.000000,0.000000,0.000000,0.000000,0.000000,0.000000,19998
-0.044664,-0.073479,0.001229,0,0,-0.000000,0.000000,0.000000,0.000000,0.000000,0.000000,19998
-0.044664,-0.073479,0.001222,6,0,-0.000000,0.000000,0.000000,0.000000,0.000000,0.000000,20000
-0.044664,-0.073479,0.001240,6,-6,-0.000000,0.000000,0.000000,0.000000,0.000000,0.000000,20000
-0.044664,-0.073479,0.001271,0,0,-0.000000,0.000000,0.000000,0.000000,0.000000,0.000000,20001
-0.044664,-0.073479,0.001289,0,0,-0.000000,0.000000,0.000000,0.000000,0.000000,0.000000,19997
-0.044664,-0.073479,0.001292,0,0,-0.000000,0.000000,0.000000,0.000000,0.000000,0.000000,19998
-0.044664,-0.073479,0.001259,0,0,-0.000000,0.000000,0.000000,0.000000,0.000000,0.000000,20000
-0.044664,-0.073479,0.001259,6,0,-0.000000,0.000000,0.000000,0.000000,0.000000,0.000000,20000
-0.044664,-0.073479,0.001266,0,6,-0.000000,0.000000,0.000000,0.000000,0.000000,0.000000,19998
-0.044664,-0.073479,0.001283,6,0,-0.000000,0.000000,0.000000,0.000000,0.000000,0.000000,20000
-0.044664,-0.073479,0.001276,0,-6,-0.000000,0.000000,0.000000,0.000000,0.000000,0.000000,19999
-0.044664,-0.073479,0.001290,0,0,-0.000000,0.000000,0.000000,0.000000,0.000000,0.000000,20000
-0.044664,-0.073479,0.001294,0,0,-0.000000,0.000000,0.000000,0.000000,0.000000,0.000000,19999
-0.044664,-0.073479,0.001267,6,0,-0.000000,0.000000,0.000000,0.000000,0.000000,0.000000,19998
-0.044664,-0.073479,0.001288,0,0,-0.000000,0.000000,0.000000,0.000000,0.000000,0.000000,20000
-0.044664,-0.073479,0.001278,6,6,-0.000000,0.000000,0.000000,0.000000,0.000000,0.000000,19999
-0.044664,-0.073479,0.001296,0,0,-0.000000,0.000000,0.000000,0.000000,0.000000,0.000000,19999
-0.044664,-0.073479,0.001321,6,0,-0.000000,0.000000,0.000000,0.000000,0.000000,0.000000,19999
-0.044664,-0.073479,0.001309,0,-6,-0.000000,0.000000,0.000000,0.000000,0.000000,0.000000,19999
-0.044664,-0.073479,0.001321,6,0,-0.000000,0.000000,0.000000,0.000000,0.000000,0.000000,19999
-0.044664,-0.073479,0.001354,0,0,-0.000000,0.000000,0.000000,0.000000,0.000000,0.000000,19999
-0.044664,-0.073479,0.001325,0,-6,-0.000000,0.000000,0.000000,0.000000,0.000000,0.000000,19999
-0.044664,-0.073479,0.001319,6,-6,-0.000000,0.000000,0.000000,0.000000,0.000000,0.000000,19999
-0.044664,-0.073479,0.001325,0,0,-0.000000,0.000000,0.000000,0.000000,0.000000,0.000000,19999
-0.044664,-0.073479,0.001321,0,0,-0.000000,0.000000,0.000000,0.000000,0.000000,0.000000,20000
-0.044664,-0.073479,0.001368,12,6,-0.000000,0.000000,0.000000,0.000000,0.000000,0.000000,19998
-0.044664,-0.073479,0.001384,0,0,-0.000000,0.000000,0.000000,0.000000,0.000000,0.000000,19999
-0.044664,-0.073479,0.001349,6,-6,-0.000000,0.000000,0.000000,0.000000,0.000000,0.000000,19999
-0.044664,-0.073479,0.001308,0,0,-0.000000,0.000000,0.000000,0.000000,0.000000,0.000000,19999
-0.044664,-0.073479,0.001303,6,0,-0.000000,0.000000,0.000000,0.000000,0.000000,0.000000,20000
-0.044664,-0.073479,0.001313,6,0,-0.000000,0.000000,0.000000,0.000000,0.000000,0.000000,19998
-0.044664,-0.073479,0.001340,0,0,-0.000000,0.000000,0.000000,0.000000,0.000000,0.000000,19999
-0.044664,-0.073479,0.001379,0,0,-0.000000,0.000000,0.000000,0.000000,0.000000,0.000000,20000
-0.044664,-0.073479,0.001416,0,-6,-0.000000,0.000000,0.000000,0.000000,0.000000,0.000000,19999
-0.044664,-0.073479,0.001406,0,-6,-0.000000,0.000000,0.000000,0.000000,0.000000,0.000000,20000
-0.044664,-0.073479,0.001365,0,-6,-0.000000,0.000000,0.000000,0.000000,0.000000,0.000000,20014
-0.044664,-0.073479,0.001325,1275,-1257,7.000000,0.000000,350.087524,0.000000,6.269530,0.000000,19995
-0.044664,-0.073479,0.001325,5661,-5821,193.199997,-222.600006,9664.832031,-11135.568359,45.599506,50.396156,19990
-0.044664,-0.073479,0.001777,8168,-8753,159.600006,-166.800003,7980.399414,-8340.416992,28.252222,27.212059,19999
-0.111019,-0.028289,0.008118,7435,-5981,82.199997,-118.000000,4110.205566,-5900.294922,16.337509,29.355412,19999
-0.409974,0.102440,0.025958,5957,-5932,43.000000,-25.799999,2150.107422,-1290.064453,10.771669,6.492908,19999
-0.900534,0.460771,0.049131,7885,-7571,154.199997,-159.000000,7710.385254,-7950.397461,28.815580,30.921516,19999
-1.394940,0.887334,0.073096,8093,-7922,155.800003,-159.399994,7789.610840,-7969.601074,28.308310,29.626356,20001
-1.940679,1.451764,0.102247,7934,-7688,166.399994,-136.399994,8321.248047,-6821.022949,30.915142,26.205711,19997
-2.602248,2.177645,0.139645,8223,-8482,185.800003,-211.399994,9289.536133,-10569.471680,33.229816,36.637360,20001
-3.388241,3.021519,0.181297,8605,-8864,218.600006,-223.199997,10931.639648,-11161.673828,37.284489,36.939587,19997
-4.244199,4.007452,0.227805,9080,-8414,256.799988,-213.800003,12840.641602,-10690.535156,41.393463,37.348846,19999
-5.177394,5.138443,0.279956,8815,-8987,251.399994,-239.399994,12570.000000,-11970.000000,41.813301,39.017746,20000
-6.082427,6.444872,0.336975,9745,-9443,304.000000,-277.000000,15200.759766,-13850.692383,45.534763,42.851360,19999
-6.972137,7.934633,0.398605,9462,-9807,285.600006,-321.799988,14278.572266,-16088.390625,44.128311,47.851910,20002
-7.890165,9.574342,0.464535,9917,-10041,332.200012,-332.799988,16613.324219,-16643.328125,48.869335,48.277458,19996
-8.683412,11.364591,0.534794,10071,-10078,319.200012,-320.600006,15960.000977,-16030.000000,46.113647,46.298763,20000
-9.391436,13.338541,0.609320,10164,-10176,358.200012,-343.799988,17910.000000,-17190.000000,51.221851,49.173443,20000
-10.021200,15.509582,0.688274,10275,-10293,368.799988,-355.200012,18440.921875,-17760.888672,52.014477,50.113113,19999
-10.368023,17.654682,0.769645,10330,-10355,366.200012,-377.399994,18307.253906,-18867.169922,51.278515,52.754128,20003
-10.658141,20.085180,0.854168,10392,-10386,392.000000,-387.799988,19603.919922,-19393.878906,54.406284,53.885139,19996
-10.713130,22.512373,0.942406,10410,-10460,379.399994,-392.799988,18970.949219,-19640.980469,52.512764,54.046452,19999
-10.625900,25.056664,1.033431,10558,-10577,407.600006,-406.600006,20381.019531,-20331.017578,55.423180,55.114223,19999
-10.096769,27.697355,1.125999,10570,-10558,422.799988,-387.200012,21142.113281,-19361.937500,57.350769,52.461647,19998
-9.488360,30.277378,1.221423,10589,-10558,411.399994,-395.399994,20570.000000,-19770.000000,55.369900,53.721886,20000
-8.405885,32.942348,1.317874,10687,-10694,460.799988,-439.000000,23041.152344,-21951.097656,61.369461,58.841953,19999
-7.232677,35.498997,1.416266,10712,-10669,424.000000,-387.399994,21201.060547,-19370.968750,56.052879,51.976097,19999
-5.699928,37.924850,1.516095,10755,-10743,469.000000,-423.000000,23450.000000,-21150.000000,61.610294,56.175930,20000
-3.967610,40.269226,1.618169,10792,-10786,447.799988,-432.600006,22392.238281,-21632.164062,58.498955,57.155811,19998
-1.906216,42.411755,1.720874,10798,-10755,444.200012,-417.399994,22211.111328,-20871.042969,57.833664,55.135525,19999
0.397945,44.269958,1.824401,10872,-10829,464.600006,-447.399994,23230.000000,-22370.000000,59.869434,58.600586,20000
2.927264,45.958447,1.930545,10872,-10841,473.399994,-439.600006,23671.183594,-21981.099609,60.904785,57.477951,19999
5.584671,47.457905,2.038559,10878,-10804,463.200012,-427.000000,23161.158203,-21351.068359,59.377476,55.976891,19999
8.486607,48.570923,2.147655,10965,-10866,482.600006,-447.000000,24131.207031,-22351.117188,61.315453,58.252995,19999
11.512343,49.460285,2.255879,10989,-10971,487.600006,-456.399994,24381.218750,-22821.140625,61.546219,58.753372,19999
14.638178,49.900059,2.366153,10983,-10872,477.000000,-433.600006,23851.193359,-21681.083984,60.195004,56.287907,19999
17.905996,50.092831,2.477622,11020,-10971,500.000000,-468.600006,25001.250000,-23431.171875,62.775826,60.131569,19999
21.107872,49.858875,2.588840,11032,-11014,484.399994,-450.399994,24222.421875,-22522.251953,60.632988,57.508831,19998
24.306025,49.343513,2.701031,11057,-10885,525.599976,-443.000000,26279.998047,-22150.000000,65.494843,57.367142,20000
27.403946,48.386059,2.813401,11069,-11020,513.599976,-474.799988,25681.283203,-23741.185547,63.757244,60.757862,19999
30.351767,47.111252,2.927580,11039,-10946,487.399994,-429.000000,24371.218750,-21451.072266,60.335785,55.412865,19999
33.229252,45.460579,3.041155,11106,-11014,522.799988,-461.399994,26141.306641,-23071.152344,64.177094,59.050354,19999
35.885345,43.541515,3.153440,11119,-11082,508.799988,-492.600006,25441.271484,-24631.232422,62.142990,62.517246,19999
38.246937,41.231159,3.267464,11088,-11032,493.799988,-453.600006,24691.234375,-22681.134766,60.546669,57.533455,19999
40.456795,38.706451,3.382831,11106,-11026,493.600006,-451.799988,24681.234375,-22591.128906,60.665176,57.318005,19999
42.427650,35.920055,3.499543,11119,-11076,509.000000,-458.399994,25450.000000,-22920.000000,62.685989,58.025764,20000
43.909241,32.926487,3.615955,11137,-11032,526.799988,-438.200012,26342.632812,-21912.191406,64.332932,55.769405,19998
45.244873,29.720280,3.732461,11168,-11088,514.799988,-467.600006,25742.574219,-23382.337891,62.313477,59.259945,19998
46.121861,26.440422,3.848614,11168,-11088,523.799988,-448.399994,26190.000000,-22420.000000,63.022148,56.784912,20000
46.530067,23.037811,3.965364,11131,-11088,508.799988,-471.399994,25441.271484,-23571.177734,61.488388,59.572281,19999
46.552593,19.588926,4.084179,11180,-11137,493.200012,-481.000000,24661.234375,-24051.203125,59.694225,60.304939,19999
46.293644,16.061142,4.203218,11186,-11076,544.200012,-450.000000,27211.361328,-22501.125000,65.958992,56.741905,19999
45.556206,12.651561,4.321499,11143,-11106,500.799988,-490.799988,25041.251953,-24541.226562,60.842487,61.819641,19999
44.411972,9.340711,4.439920,11193,-11112,526.799988,-479.200012,26341.316406,-23961.199219,63.545147,60.341373,19999
42.894577,6.268107,4.557797,11193,-11082,523.000000,-457.600006,26151.306641,-22881.144531,63.094147,57.621059,19999
41.001461,3.311590,4.676149,11156,-11112,543.400024,-496.600006,27168.642578,-24828.759766,65.832954,62.337986,20001
38.768681,0.724064,4.793283,11223,-11143,535.000000,-469.000000,26754.013672,-23453.517578,64.261917,58.646297,19997
36.266640,-1.640605,4.910707,11211,-11112,522.200012,-462.200012,26111.306641,-23111.156250,62.800919,57.989128,19999
33.555576,-3.588840,5.028016,11199,-11100,536.400024,-477.600006,26821.341797,-23881.195312,64.117310,60.192703,19999
30.554216,-5.311055,5.146511,11119,-11008,514.000000,-428.600006,25701.285156,-21431.072266,61.995647,54.696426,19999
27.356613,-6.725670,5.263967,11149,-11088,517.599976,-465.399994,25878.705078,-23268.835938,62.420975,58.961205,20001
24.132666,-7.735880,5.380871,11211,-11143,510.600006,-477.000000,25532.552734,-23852.384766,61.456879,59.986141,19998
20.787699,-8.289277,5.497476,11149,-11094,526.400024,-460.600006,26321.316406,-23031.152344,63.970875,57.883976,19999
17.339233,-8.487535,5.613524,11149,-11088,499.000000,-472.000000,24952.496094,-23602.359375,60.503990,59.395035,19998
12.699163,-9.024625,5.730991,11131,-11063,508.399994,-455.200012,25421.271484,-22761.138672,62.104179,57.594360,19999
9.240930,-8.377388,5.847668,11174,-11057,543.599976,-455.600006,27182.716797,-22782.279297,65.797089,57.654453,19998
5.969193,-7.265718,5.965177,11186,-11131,529.799988,-478.200012,26490.000000,-23910.000000,63.854218,60.197361,20000
2.724838,-5.791562,6.083016,11211,-11076,543.599976,-449.000000,27181.357422,-22451.123047,64.932617,56.879169,19999
-0.349273,-4.001986,6.201298,11211,-11112,542.000000,-465.200012,27100.000000,-23260.000000,64.698517,58.649616,20000
-3.134947,-1.694093,6.319362,11193,-11112,538.599976,-463.000000,26931.345703,-23151.158203,64.324715,58.340614,19999
-5.590854,0.792492,6.436460,11149,-11014,536.200012,-455.000000,26811.341797,-22751.136719,64.337097,58.030926,19999
-7.700915,3.544172,6.553455,11180,-11119,520.799988,-492.399994,26040.000000,-24620.000000,62.365677,62.113060,20000
-9.733582,6.574716,6.672094,11205,-11094,546.799988,-470.600006,27341.367188,-23531.177734,65.507858,59.488739,19999
-11.261688,9.869679,6.789981,11193,-11137,511.000000,-483.399994,25550.000000,-24170.000000,61.417255,60.507034,20000
-12.335326,13.269874,6.907967,11242,-11180,552.599976,-491.799988,27631.380859,-24591.228516,66.094940,61.239910,19999
-13.089782,16.738245,7.025813,11199,-11106,535.200012,-468.600006,26762.677734,-23432.343750,64.270584,58.707615,19998
-13.334762,20.357424,7.144677,11211,-11137,524.000000,-476.200012,26201.310547,-23811.191406,62.574833,59.517494,19999
-13.226708,23.962246,7.264589,11186,-11082,515.599976,-466.000000,25781.287109,-23301.166016,61.721386,58.750706,19999
-12.790572,27.596573,7.384402,11180,-11088,530.200012,-458.399994,26510.000000,-22920.000000,63.608089,57.776497,20000
-11.833506,31.048037,7.503537,11223,-11174,539.000000,-491.799988,26951.347656,-24591.228516,64.463158,61.493214,19999
-10.574146,34.419254,7.622503,11199,-11112,517.799988,-465.200012,25892.587891,-23262.326172,61.991749,58.434464,19998
-8.894318,37.682358,7.741580,11193,-11131,509.000000,-473.200012,25450.000000,-23660.000000,60.967686,59.087349,20000
-6.858142,40.604652,7.860326,11205,-11149,525.200012,-484.799988,26262.626953,-24242.423828,62.895977,60.432098,19998
-4.320811,43.325840,7.978880,11125,-11076,525.400024,-465.200012,26271.314453,-23261.164062,63.809437,58.543301,19999
-1.651578,45.742332,8.097351,11193,-11143,535.400024,-478.399994,26768.662109,-23918.804688,64.650002,59.777332,20001
1.332673,47.739754,8.217806,11230,-11168,519.000000,-483.200012,25952.595703,-24162.416016,62.228222,60.228043,19998
4.536150,49.484470,8.337368,11223,-11156,529.599976,-477.399994,26481.322266,-23871.193359,63.450699,59.413330,19999
7.821265,50.767456,8.455346,11205,-11199,512.400024,-496.000000,25621.283203,-24801.240234,61.645191,61.193077,19999
11.308599,51.599018,8.573921,11180,-11119,526.200012,-458.600006,26311.316406,-22931.146484,63.802090,56.968365,19999
14.915495,52.077965,8.693492,11180,-11100,531.000000,-481.799988,26550.000000,-24090.000000,64.468193,60.176865,20000
18.527657,52.104992,8.813681,11149,-11137,517.400024,-487.200012,25871.294922,-24361.218750,63.081696,60.854591,19999
22.072411,51.748222,8.932204,11186,-11082,518.000000,-475.399994,25901.294922,-23771.187500,62.614956,59.791237,19999
25.512993,50.924496,9.050797,11174,-11137,516.000000,-505.799988,25801.291016,-25291.263672,62.685116,63.129337,19999
28.820639,49.675213,9.169417,11205,-11174,541.599976,-489.200012,27082.707031,-24462.447266,65.474403,60.639271,19998
32.062462,48.031483,9.289255,11174,-11162,491.799988,-494.600006,24590.000000,-24730.000000,59.815296,61.067673,20000
35.002369,46.133266,9.407790,11217,-11168,517.599976,-483.600006,25882.587891,-24182.417969,62.566021,59.708225,19998
37.847652,43.768780,9.526386,11211,-11125,524.599976,-473.000000,26228.687500,-23648.818359,63.345444,58.970001,20001
40.163128,41.241337,9.645436,11211,-11131,516.000000,-484.600006,25803.871094,-24233.634766,61.850533,60.644554,19997
42.414486,38.188881,9.765292,11199,-11149,512.200012,-473.399994,25611.281250,-23671.183594,61.508583,59.056519,19999
44.200451,35.060818,9.884991,11112,-11076,508.600006,-493.399994,25428.728516,-24668.765625,62.068367,61.999413,20001
45.526402,31.809284,10.003172,11149,-11168,505.399994,-501.600006,25272.527344,-25082.507812,61.852047,62.089474,19998
46.426636,28.445944,10.120411,11186,-11106,523.000000,-454.600006,26148.693359,-22728.863281,63.824337,56.633797,20001
46.991879,24.894991,10.240201,11168,-11106,530.000000,-481.799988,26505.300781,-24094.818359,64.647552,60.255173,19996
47.168568,21.293892,10.361368,11143,-11063,511.799988,-461.600006,25591.279297,-23081.154297,62.115349,58.298412,19999
46.718201,17.603605,10.480689,11180,-11100,509.399994,-471.600006,25470.000000,-23580.000000,61.476913,59.358311,20000
45.963383,14.176831,10.600019,11248,-11199,540.000000,-510.000000,27002.701172,-25502.550781,64.564537,63.317570,19998
44.788120,10.866232,10.718366,11174,-11143,525.200012,-469.200012,26261.314453,-23461.173828,63.482071,58.177940,19999
43.277569,7.597795,10.837633,11174,-11137,511.399994,-483.600006,25571.277344,-24181.208984,62.052109,59.989853,19999
41.318077,4.637726,10.957510,11211,-11125,538.799988,-467.000000,26941.345703,-23351.167969,65.217583,58.335548,19999
39.105556,2.036093,11.075320,11112,-11032,522.799988,-441.799988,26140.000000,-22090.000000,63.815308,55.872414,20000
36.459988,-0.296829,11.193127,11149,-11094,533.599976,-486.399994,26681.332031,-24321.214844,64.570686,61.276917,19999
33.595596,-2.397595,11.311751,11149,-11100,506.399994,-461.000000,25322.531250,-23052.304688,61.443474,57.934204,19998
30.612894,-4.148312,11.430176,11186,-11119,532.599976,-478.399994,26631.330078,-23921.195312,64.350220,59.705093,19999
27.325785,-5.406319,11.548087,11174,-11112,502.799988,-457.000000,25141.255859,-22851.142578,60.975014,57.176315,19999
24.046833,-6.328308,11.664874,11168,-11057,525.200012,-456.000000,26258.687500,-22798.859375,63.423580,57.632828,20001
20.565346,-6.891467,11.781944,11174,-11100,523.599976,-468.799988,26181.308594,-23441.171875,63.046009,59.083626,19999
16.963522,-7.035260,11.899748,11125,-11057,516.599976,-459.600006,25832.582031,-22982.298828,62.689255,58.199905,19998
13.631408,-6.711402,12.015381,11112,-11063,497.799988,-476.399994,24890.000000,-23820.000000,60.816605,60.171429,20000
10.267018,-6.018198,12.129280,11174,-11149,508.600006,-496.799988,25431.271484,-24841.242188,61.910488,62.098171,19999
6.985425,-5.016948,12.245893,11174,-11094,547.200012,-463.799988,27360.000000,-23190.000000,66.643692,58.110603,20000
3.722910,-3.572123,12.363880,11112,-11020,517.200012,-460.000000,25862.585938,-23002.300781,62.983921,58.247639,19998
0.696869,-1.790998,12.482070,11131,-11014,536.200012,-457.399994,26811.341797,-22871.142578,64.895470,58.438030,19999
-2.124804,0.462850,12.599689,11168,-11008,537.799988,-443.000000,26891.343750,-22151.107422,64.315170,56.825691,19999
-4.533386,3.013299,12.715523,11131,-11094,523.400024,-490.399994,26171.310547,-24521.226562,63.010139,62.252201,19999
-6.149602,5.109549,12.773991,11199,-11119,545.200012,-486.799988,27260.000000,-24340.000000,65.347862,61.341469,20000
-8.285069,7.994996,12.890469,11168,-11088,522.400024,-470.200012,26121.306641,-23511.175781,63.115448,59.101974,19999
-9.969833,11.026819,13.008031,11168,-11112,538.200012,-469.200012,26911.345703,-23461.173828,64.843712,58.792164,19999
-11.262995,14.321842,13.124683,11156,-11069,519.200012,-453.200012,25961.298828,-22661.132812,62.685116,57.170422,19999
-12.050436,17.623747,13.241682,11112,-11008,518.799988,-437.200012,25941.296875,-21861.093750,62.934826,55.653790,19999
-12.558467,21.198420,13.360151,11156,-11082,541.000000,-484.399994,27050.000000,-24220.000000,65.333008,61.373230,20000
-12.669518,24.756651,13.477471,11143,-11069,518.000000,-457.399994,25902.589844,-22872.287109,62.917919,57.897942,19998
-12.415193,28.308554,13.595050,11199,-11119,530.200012,-474.000000,26511.326172,-23701.185547,63.802608,59.356430,19999
-11.781253,31.870623,13.713090,11199,-11106,525.799988,-456.600006,26290.000000,-22830.000000,63.227207,57.262997,20000
-10.648901,35.254467,13.832078,11131,-11032,539.400024,-458.600006,26972.699219,-22932.292969,64.832451,58.217606,19998
-7.845155,38.888550,13.950226,11168,-11100,520.000000,-487.600006,26000.000000,-24380.000000,62.305012,61.662033,20000
-5.976380,41.960766,14.067906,11168,-11069,509.000000,-464.200012,25451.273438,-23211.162109,61.187035,58.824833,19999
-3.798551,44.674019,14.185025,11156,-11063,522.200012,-483.399994,26112.611328,-24172.416016,62.851044,61.086468,19998
-1.371303,47.095947,14.302866,11199,-11174,502.799988,-502.799988,25140.000000,-25140.000000,60.417099,62.655235,20000
1.455280,49.351498,14.421336,11174,-11106,522.000000,-469.000000,26101.304688,-23451.171875,62.945648,58.543091,19999
4.385604,51.174835,14.540288,11137,-11063,508.399994,-478.200012,25421.271484,-23911.195312,61.858868,59.939583,19999
7.616117,52.636181,14.658941,11131,-11082,528.400024,-487.399994,26420.001953,-24370.000000,64.574341,61.275764,20000
10.968884,53.712795,14.776608,11137,-11045,511.799988,-446.000000,25591.279297,-22301.115234,62.354698,56.360069,19999
14.489111,54.402264,14.895911,11193,-11137,526.000000,-491.000000,26298.685547,-24548.773438,63.558590,61.446060,20001
17.992783,54.662968,15.015067,11156,-11063,535.200012,-462.200012,26764.015625,-23113.466797,64.899033,58.275879,19997
21.368982,54.497368,15.132757,11149,-11088,519.000000,-478.200012,25951.296875,-23911.195312,63.015125,59.980137,19999
24.771418,53.854210,15.250126,11149,-11131,507.600006,-481.799988,25381.269531,-24091.203125,61.781082,60.148453,19999
28.086838,52.910999,15.368249,11100,-11020,519.400024,-469.799988,25971.298828,-23491.173828,63.759808,59.319759,19999
31.284708,51.552341,15.485906,11094,-11082,517.200012,-479.600006,25854.830078,-23975.205078,63.772713,60.170589,20004
34.179707,49.762669,15.604705,11180,-11112,521.000000,-468.399994,26055.210938,-23424.685547,63.226780,58.687920,19996
37.034821,47.684399,15.721883,11162,-11088,512.799988,-469.799988,25641.281250,-23491.173828,62.194099,58.938873,19999
39.572609,45.269417,15.838746,11186,-11143,537.400024,-495.200012,26870.001953,-24760.000000,64.644394,61.658962,20000
41.891682,42.600689,15.956658,11119,-11076,508.399994,-464.600006,25422.541016,-23232.324219,61.839771,58.231930,19998
43.828289,39.683647,16.075857,11125,-11069,518.000000,-474.600006,25901.294922,-23731.187500,63.173367,59.539852,19999
45.467648,36.677792,16.194677,11112,-11106,502.600006,-491.000000,25131.257812,-24551.228516,61.659889,61.535164,19999
46.544918,33.417286,16.312410,11100,-11051,492.799988,-471.000000,24641.232422,-23551.177734,60.363029,59.444626,19999
47.391369,29.939631,16.430635,11168,-11119,533.599976,-494.399994,26679.998047,-24720.000000,64.897331,61.795059,20000
47.633053,26.566542,16.549517,11125,-11076,515.799988,-475.600006,25792.578125,-23782.378906,62.779858,59.708649,19998
47.684353,22.985504,16.668095,11112,-11069,494.200012,-481.399994,24711.236328,-24071.203125,60.237408,60.427643,19999
47.269375,19.495413,16.785923,11143,-11082,510.000000,-471.000000,25501.275391,-23551.177734,62.043148,59.165619,19999
46.376896,16.216089,16.904238,11131,-11088,521.799988,-466.799988,26088.695312,-23338.832031,63.853382,58.627075,20001
45.124825,13.001048,17.021553,11156,-11106,522.400024,-493.000000,26120.001953,-24650.000000,63.439625,61.725826,20000
43.433907,9.970860,17.139997,11156,-11094,505.000000,-458.399994,25255.050781,-22924.583984,61.145306,57.347546,19996
41.404606,7.256267,17.258564,11156,-11076,533.599976,-477.799988,26681.332031,-23891.193359,64.478294,60.072113,19999
39.093838,4.621480,17.375664,11143,-11112,521.400024,-481.799988,26071.304688,-24091.203125,63.214745,60.308628,19999
36.562466,2.415373,17.492815,11131,-11045,514.799988,-450.799988,25741.287109,-22541.126953,62.598644,56.860638,19999
33.770844,0.479579,17.610712,11119,-11026,521.400024,-476.000000,26067.394531,-23797.621094,63.514538,60.361683,20002
30.707556,-1.043073,17.727760,11100,-11069,528.200012,-463.799988,26413.962891,-23193.478516,64.602531,58.622303,19997
27.505484,-2.265626,17.844706,11131,-11069,514.599976,-473.799988,25731.285156,-23691.183594,62.437614,59.726360,19999
24.161650,-3.190919,17.962044,11162,-11112,510.000000,-493.200012,25501.275391,-24661.234375,61.882248,61.761292,19999
20.648890,-3.589539,18.079851,11162,-11088,540.000000,-451.600006,26987.855469,-22569.843750,65.456017,56.575596,20009
17.156113,-3.621218,18.196808,10078,-8655,506.799988,-410.200012,25345.068359,-20514.103516,68.436020,66.421516,19996
13.831298,-3.263721,18.312216,7614,-6813,444.200012,-376.399994,22221.111328,-18829.414062,79.493172,77.073914,19990
10.607202,-2.528552,18.426880,6431,-5014,433.399994,-313.399994,21671.083984,-15670.783203,87.671448,85.562279,19999
7.517271,-1.402499,18.539660,5914,-4109,397.600006,-267.200012,19880.000000,-13360.000977,73.493881,71.142670,20000
4.766957,0.057559,18.648779,5402,-3573,356.600006,-247.199997,17830.892578,-12360.618164,0.000000,52.816113,19999
2.007584,1.761362,18.755638,5033,-3222,353.799988,-234.600006,17690.884766,-11730.586914,0.000000,0.000000,19999
-0.222192,3.597324,18.857134,4891,-3289,345.200012,-247.800003,17260.863281,-12390.620117,0.000000,0.000000,19999
-2.093123,5.503229,18.948498,5144,-4207,370.799988,-315.200012,18540.925781,-15760.789062,0.000000,0.000000,19999
-3.502190,7.317988,19.027712,5544,-4558,384.200012,-310.000000,19210.960938,-15500.775391,0.000000,0.000000,19999
-4.724203,9.082730,19.101788,5353,-4300,372.200012,-305.000000,18610.931641,-15250.762695,0.000000,0.000000,19999
-5.777215,10.990350,19.172869,4990,-3733,338.399994,-248.199997,16920.845703,-12410.620117,0.000000,0.000000,19999
-6.528778,12.791976,19.238642,4564,-2784,318.399994,-186.600006,15920.795898,-9330.466797,0.000000,0.000000,19999
-7.147212,14.455733,19.298456,4133,-2113,287.200012,-154.800003,14360.718750,-7740.387207,0.000000,0.000000,19999
-7.650856,16.134150,19.355364,3641,-1737,251.600006,-131.800003,12580.000000,-6590.000000,0.000000,0.000000,20000
-8.025099,17.694098,19.410753,3160,-1380,222.600006,-113.000000,11130.556641,-5650.282715,0.000000,0.000000,19999
-8.245732,19.173914,19.462015,2797,-1133,198.600006,-96.800003,9930.993164,-4840.484375,0.000000,0.000000,19998
-8.398003,20.583948,19.507746,2519,-924,190.199997,-85.400002,9510.475586,-4270.213379,0.000000,0.000000,19999
-8.482042,21.880413,19.550032,2310,-813,177.199997,-73.599998,8860.442383,-3680.183838,0.000000,0.000000,19999
-8.457641,23.074730,19.588324,2187,-745,169.800003,-62.200001,8442.720703,-3092.680908,0.000000,0.000000,20112
-8.381553,24.079468,19.620087,2144,-745,165.000000,-66.800003,8296.876953,-3358.978271,0.000000,0.000000,19887
-8.241561,24.927097,19.646208,2045,-739,151.600006,-61.000000,7580.758301,-3050.304932,0.000000,0.000000,19998
-8.083453,25.625061,19.667803,1805,-715,143.000000,-49.799999,7150.000000,-2490.000000,0.000000,0.000000,20000
-7.899817,26.207649,19.686155,1509,-530,126.400002,-38.599998,6320.315918,-1930.096436,0.000000,0.000000,19999
-7.711660,26.716871,19.700956,1275,-240,109.400002,-26.600000,5470.547363,-1330.133057,0.000000,0.000000,19998
-7.511186,27.127058,19.712044,986,-12,87.400002,-26.600000,4370.000000,-1330.000000,0.000000,0.000000,20000
-7.332125,27.408257,19.720303,813,-6,69.599998,-26.600000,3480.347900,-1330.133057,0.000000,0.000000,19998
-7.191295,27.640053,19.726250,708,-6,49.000000,-22.400000,2450.000000,-1120.000000,0.000000,0.000000,20000
-7.069173,27.795584,19.730249,216,-6,34.000000,-21.200001,1700.170044,-1060.106079,0.000000,0.000000,19998
-6.994828,27.865095,19.732328,-49,-6,34.000000,-21.200001,1700.084961,-1060.053101,0.000000,0.000000,19999
-6.955876,27.897102,19.732483,6,-6,34.799999,-14.000000,1740.000000,-700.000000,0.000000,0.000000,20000
-6.946424,27.904894,19.730963,6,0,34.799999,0.000000,1740.173950,0.000000,0.000000,0.000000,19998
-6.946424,27.904894,19.728720,12,-6,28.400000,0.000000,1419.928955,0.000000,0.000000,0.000000,20001
-6.946424,27.904894,19.727322,6,0,36.200001,0.000000,1810.181030,0.000000,0.000000,0.000000,19998
-6.950571,27.909883,19.726851,6,0,36.200001,0.000000,1810.181030,0.000000,0.000000,0.000000,19998
-6.950571,27.909883,19.726967,6,-6,-0.000000,0.000000,0.000000,0.000000,0.000000,0.000000,20013
-6.950571,27.909883,19.727600,-1965,1189,-52.599998,0.000000,-2630.262939,0.000000,31.632303,0.000000,19998
-6.950571,27.909883,19.728207,-6899,5963,-222.399994,210.399994,-11123.892578,10523.682617,42.867657,46.251343,19993
-6.950571,27.909883,19.727959,-7558,9221,-121.199997,278.600006,-6060.909180,13932.089844,23.263748,42.355034,19997
-6.945494,27.860710,19.722591,-7558,8587,-121.000000,121.599998,-6050.302734,6080.303711,23.615286,20.712236,19999
-6.975711,27.575151,19.703814,-7041,5994,-99.400002,96.400002,-4970.000000,4820.000000,20.934635,23.999359,20000
-6.979772,26.937878,19.675280,-7527,7712,-144.399994,207.399994,-7220.721680,10371.037109,28.307308,39.716976,19998
-6.870144,25.993053,19.641253,-8100,8673,-200.399994,196.800003,-10018.998047,9839.016602,36.400875,33.242821,20002
-6.580505,24.928280,19.603437,-8488,8827,-210.600006,213.800003,-10531.580078,10691.603516,36.444771,35.496590,19997
-6.214841,23.580664,19.556799,-8371,9006,-205.399994,221.199997,-10270.513672,11060.552734,36.079792,35.977386,19999
-5.848354,22.158173,19.503563,-8113,9154,-232.600006,250.399994,-11630.000000,12520.000000,42.182068,40.026775,20000
-5.371916,20.649218,19.446671,-9258,9776,-275.799988,307.399994,-13791.378906,15371.537109,43.580467,45.846447,19998
-4.593087,18.979368,19.385166,-9388,9862,-277.399994,299.799988,-13870.000000,14989.999023,43.212727,44.259819,20000
-3.684243,17.328974,19.318245,-9646,9967,-314.399994,330.799988,-15720.786133,16540.826172,47.648174,48.282612,19999
-2.529647,15.647998,19.247423,-9917,10041,-308.000000,343.399994,-15400.770508,17170.857422,45.281506,49.601665,19999
-1.308754,13.919070,19.173891,-10034,10176,-340.000000,353.600006,-17000.000000,17680.000000,49.363598,50.201813,20000
0.031835,12.266418,19.096277,-10084,10262,-323.399994,373.600006,-16170.808594,18680.933594,46.675903,52.309616,19999
1.765798,10.639406,19.014536,-10201,10330,-355.200012,384.200012,-17760.888672,19210.960938,50.576565,53.270840,19999
3.475628,9.116900,18.930592,-10275,10423,-357.600006,411.399994,-17880.000000,20570.000000,50.449108,56.303905,20000
5.525543,7.659998,18.844002,-10324,10472,-372.399994,430.399994,-18620.931641,21521.076172,52.131161,58.415363,19999
7.689913,6.405259,18.755388,-10398,10558,-374.600006,442.200012,-18730.937500,22111.105469,51.954708,59.158836,19999
9.967327,5.340197,18.664204,-10429,10577,-382.200012,422.600006,-19110.957031,21131.056641,52.804096,56.339081,19999
12.490019,4.416701,18.568914,-10484,10626,-398.399994,432.000000,-19920.996094,21601.080078,54.606750,57.239693,19999
15.134413,3.712899,18.471197,-10607,10687,-415.600006,430.799988,-20780.000000,21540.000000,56.021835,56.715736,20000
17.843666,3.357494,18.372208,-10607,10724,-419.799988,447.200012,-20991.048828,22361.119141,56.461895,58.402122,19999
20.676001,3.149691,18.272390,-10675,10780,-428.799988,475.600006,-21443.216797,23783.568359,57.169640,61.510796,19997
23.486517,3.274147,18.170229,-10700,10804,-405.399994,470.200012,-20271.013672,23511.175781,53.859810,60.412598,19999
26.395741,3.769585,18.064932,-10718,10841,-422.399994,474.000000,-21121.056641,23701.185547,55.979248,60.411152,19999
29.230843,4.506155,17.957914,-10706,10860,-421.799988,494.399994,-21090.000000,24720.000000,56.055866,62.522003,20000
31.953506,5.504208,17.852880,-10743,10891,-431.399994,494.399994,-21572.156250,24722.472656,57.068775,61.877934,19998
34.587204,6.871197,17.747400,-10811,10995,-436.000000,488.399994,-21801.089844,24421.220703,57.228664,60.133553,19999
37.033546,8.419441,17.639540,-10823,11008,-447.399994,511.200012,-22371.119141,25561.279297,58.511372,62.535561,19999
39.360359,10.414834,17.530584,-10823,11014,-453.600006,510.600006,-22681.134766,25531.277344,59.155933,62.119160,19999
41.484882,12.569233,17.421104,-10817,11008,-426.399994,506.600006,-21318.933594,25328.734375,55.673737,61.728184,20001
43.324448,14.902511,17.311993,-10811,10965,-439.200012,491.200012,-21964.392578,24564.914062,57.391296,60.379925,19996
44.934196,17.565502,17.201033,-10848,11032,-455.200012,503.799988,-22761.138672,25191.259766,59.270580,61.530529,19999
46.321957,20.453791,17.088518,-10854,11045,-443.200012,504.399994,-22160.000000,25220.000000,57.611019,61.551262,20000
47.327343,23.375671,16.975847,-10909,11069,-452.799988,524.599976,-22641.130859,26231.310547,58.464287,63.484421,19999
47.983303,26.423283,16.863499,-10977,11137,-449.399994,517.000000,-22325.996094,25684.335938,57.563534,61.825230,20129
48.203613,29.791512,16.749067,-10977,11119,-451.799988,517.000000,-22738.939453,26020.433594,57.758617,61.522449,19869
48.118858,33.104946,16.633463,-10909,11112,-451.200012,529.000000,-22561.128906,26451.322266,58.122120,62.855518,19999
47.639999,36.345013,16.517630,-10965,11112,-454.600006,523.799988,-22731.136719,26191.308594,58.249912,62.396839,19999
46.883266,39.452534,16.401680,-10983,11119,-456.200012,516.799988,-22812.281250,25842.583984,58.396412,61.642036,19998
45.741207,42.553268,16.283997,-11020,11168,-465.799988,527.200012,-23291.164062,26361.318359,59.321819,62.543800,19999
44.124031,45.476387,16.166349,-11032,11186,-479.600006,538.200012,-23981.199219,26911.345703,60.883480,63.700062,19999
42.288593,48.202023,16.049271,-11063,11199,-483.000000,527.000000,-24151.207031,26351.318359,61.024376,61.759209,19999
40.110195,50.712818,15.931954,-11032,11137,-468.799988,507.200012,-23441.171875,25361.269531,59.215843,60.195213,19999
37.707275,52.995949,15.814421,-11008,11156,-462.399994,514.200012,-23121.156250,25711.287109,58.527973,61.001747,19999
34.950302,54.895264,15.695776,-11045,11180,-482.600006,528.400024,-24131.207031,26421.322266,61.004963,62.627480,19999
31.967598,56.597897,15.577152,-11088,11230,-481.399994,538.000000,-24071.203125,26901.345703,60.625095,62.539612,19999
28.943447,57.869534,15.458663,-11069,11230,-471.799988,532.599976,-23591.179688,26631.330078,59.501385,61.253254,19999
25.722164,58.743267,15.340270,-11088,11180,-492.399994,509.200012,-24618.769531,25458.728516,61.917187,58.983639,20001
22.350183,59.199860,15.221252,-11069,11149,-473.799988,508.200012,-23693.552734,25413.812500,59.469402,60.011772,19997
18.903624,59.284763,15.101139,-11057,11156,-470.799988,520.799988,-23541.175781,26041.300781,59.060627,62.272488,19999
15.422647,58.912292,14.980203,-11076,11186,-474.200012,528.400024,-23711.185547,26421.322266,59.528702,62.878433,19999
12.080563,58.171768,14.859886,-11119,11217,-485.799988,517.599976,-24291.214844,25881.292969,60.720146,61.036858,19999
8.714861,56.894424,14.739205,-11137,11242,-487.399994,534.599976,-24368.781250,26728.662109,60.611286,62.203175,20001
5.572386,55.245613,14.618957,-11143,11242,-491.399994,528.000000,-24572.457031,26402.640625,60.727001,61.277241,19998
2.726361,53.452263,14.498580,-11125,11223,-486.399994,530.200012,-24321.214844,26511.326172,60.166553,61.791439,19999
0.115269,51.202217,14.378443,-11112,11193,-486.000000,528.599976,-24301.214844,26431.320312,60.256618,62.360317,19999
-2.249155,48.658970,14.258684,-11119,11236,-480.600006,526.000000,-24030.000000,26300.000000,59.715511,61.934769,20000
-4.355707,45.950371,14.139589,-11100,11236,-470.600006,526.200012,-23532.353516,26312.632812,58.689323,61.373859,19998
-6.027534,43.021290,14.021238,-11094,11162,-497.000000,531.599976,-24851.242188,26581.328125,62.051968,62.452354,19999
-7.493774,40.002453,13.903076,-11057,11149,-498.000000,515.200012,-24900.000000,25760.000000,62.248375,61.212551,20000
-8.409228,36.669399,13.783457,-11082,11162,-470.399994,501.799988,-23521.175781,25091.253906,58.488655,60.304287,19999
-9.008032,33.318981,13.663711,-11051,11143,-481.200012,502.399994,-24060.000000,25120.000000,60.260151,60.617569,20000
-9.239120,30.032110,13.544504,-11082,11223,-487.000000,529.599976,-24352.435547,26482.646484,60.971771,62.835831,19998
-9.022357,26.540630,13.425201,-11149,11273,-483.399994,534.400024,-24170.000000,26720.001953,60.158245,61.690266,20000
-8.448648,23.245142,13.306116,-11137,11248,-476.600006,531.799988,-23831.191406,26591.328125,59.158817,60.630196,19999
-7.296196,19.870222,13.186821,-11119,11230,-498.000000,516.799988,-24901.244141,25841.291016,61.747322,59.609112,19999
-5.832928,16.754368,13.067093,-11149,11230,-489.799988,532.599976,-24491.224609,26631.330078,60.462223,62.059406,19999
-4.001900,13.818075,12.948403,-11100,11236,-473.399994,534.400024,-23671.183594,26721.337891,58.779842,62.651108,19999
-1.834091,11.132785,12.828814,-11069,11180,-482.000000,519.000000,-24101.205078,25951.296875,60.302387,61.270988,19999
0.635444,8.713781,12.709312,-11082,11180,-497.399994,528.000000,-24871.244141,26401.320312,62.377312,62.473061,19999
3.235652,6.556386,12.589673,-11076,11162,-483.799988,515.799988,-24191.208984,25791.289062,60.535538,61.423748,19999
6.150390,4.793510,12.470210,-11088,11174,-474.799988,534.200012,-23741.185547,26711.335938,59.019852,63.638187,19999
9.094886,3.356944,12.351140,-11119,11180,-497.200012,536.400024,-24861.244141,26821.341797,61.529003,63.997280,19999
12.371017,2.383617,12.231956,-11100,11242,-479.399994,536.400024,-23971.199219,26821.341797,59.740673,63.090504,19999
15.694494,1.790810,12.112469,-11076,11254,-460.600006,544.799988,-23030.000000,27240.000000,57.829552,62.756283,20000
19.082640,1.623193,11.992761,-11051,11223,-467.200012,527.799988,-23209.140625,26219.572266,59.098553,59.757862,20130
22.463913,1.730527,11.873094,-11100,11193,-497.200012,524.799988,-25025.166016,26414.333984,62.475266,60.279137,19868
25.753941,2.395575,11.752764,-11100,11168,-500.399994,521.599976,-25021.250000,26081.302734,62.500008,61.564236,19999
29.026991,3.250490,11.633204,-11119,11199,-486.399994,518.400024,-24321.214844,25921.296875,60.238564,61.780693,19999
32.064899,4.591188,11.514896,-11082,11211,-474.600006,522.400024,-23731.187500,26121.306641,59.146420,62.084629,19999
34.897667,6.275819,11.396876,-11076,11242,-483.000000,517.799988,-23991.654297,25720.246094,60.629143,60.398903,20132
37.528610,8.289703,11.277802,-11057,11205,-472.200012,535.400024,-23768.058594,26949.212891,59.680309,61.673252,19867
39.953815,10.685140,11.157956,-11088,11211,-476.200012,525.799988,-23811.191406,26291.314453,59.815792,60.656532,19999
42.083389,13.310459,11.039539,-11094,11205,-488.200012,522.400024,-24410.000000,26120.001953,61.163410,60.736862,20000
43.821648,16.013075,10.921743,-11137,11266,-504.600006,530.000000,-25232.523438,26502.650391,62.912395,60.924950,19998
45.261604,19.153034,10.803684,-11119,11266,-471.200012,533.200012,-23561.177734,26661.333984,58.823624,60.878345,19999
46.317146,22.369917,10.684231,-11051,11211,-464.799988,539.000000,-23238.837891,26948.652344,58.514912,61.637482,20001
46.951748,25.636881,10.564233,-11026,11156,-469.799988,524.599976,-23493.523438,26233.933594,59.549088,61.082542,19997
47.336403,29.051271,10.444961,-11032,11125,-474.200012,518.599976,-23710.000000,25929.998047,60.078518,61.515995,20000
47.301151,32.402176,10.325028,-11094,11180,-473.600006,527.599976,-23682.369141,26382.636719,59.380131,62.867214,19998
46.814423,35.705647,10.204887,-11106,11236,-482.799988,545.799988,-24142.414062,27292.728516,60.296925,64.040314,19998
45.807178,38.944939,10.084538,-11149,11303,-488.200012,553.799988,-24410.000000,27690.000000,60.656639,63.038776,20000
44.542027,42.067841,9.963693,-11106,11273,-475.200012,540.200012,-23761.189453,27011.351562,59.434017,60.217472,19999
42.776024,44.990646,9.842642,-11082,11217,-477.799988,529.799988,-23888.804688,26488.675781,60.072906,59.368221,20001
40.818169,47.754219,9.722851,-11112,11242,-487.399994,518.000000,-24373.656250,25903.884766,61.114040,58.689598,19997
38.506874,50.192528,9.603429,-11119,11236,-493.200012,533.599976,-24661.234375,26681.332031,61.592300,61.520451,19999
35.936947,52.285362,9.482987,-11076,11223,-472.399994,523.200012,-23621.181641,26161.308594,59.144413,60.453171,19999
33.207211,54.239029,9.361691,-11112,11230,-478.000000,525.599976,-23901.195312,26281.312500,59.595112,60.636486,19999
30.080276,55.686039,9.241371,-11100,11230,-475.799988,515.200012,-23787.621094,25757.425781,59.527534,59.314320,20002
26.683016,56.740520,9.119745,-11057,11193,-461.000000,523.799988,-23054.611328,26195.238281,57.985538,60.738930,19996
23.342731,57.395615,8.999048,-11088,11211,-482.200012,539.599976,-24111.207031,26981.347656,60.573566,62.427139,19999
19.889460,57.682877,8.878310,-11125,11254,-493.799988,543.000000,-24690.000000,27150.000000,61.794880,62.264561,20000
16.323715,57.471951,8.757164,-11156,11303,-475.399994,549.799988,-23772.376953,27492.748047,59.047367,62.008793,19998
12.901194,56.850208,8.635837,-11162,11297,-495.000000,554.599976,-24751.238281,27731.384766,61.270569,61.644695,19999
9.630700,55.881500,8.514364,-11119,11254,-483.799988,525.000000,-24191.208984,26251.312500,60.169922,58.823139,19999
7.092276,55.008930,8.453696,-11119,11211,-484.399994,522.000000,-24221.210938,26101.304688,60.253925,60.342136,19999
3.902598,53.434578,8.331981,-11112,11199,-485.200012,528.000000,-24260.000000,26400.000000,60.357887,62.310535,20000
0.994339,51.516232,8.210045,-11162,11248,-497.799988,523.000000,-24892.488281,26152.615234,61.348938,61.524490,19998
-1.742879,49.377129,8.089347,-11131,11211,-499.799988,523.400024,-24991.248047,26171.310547,61.558102,61.730000,19999
-4.221205,46.764053,7.968905,-11149,11242,-510.000000,517.000000,-25501.275391,25851.292969,62.596104,60.389526,19999
-6.413770,43.929100,7.848378,-11112,11211,-481.200012,524.000000,-24061.203125,26201.310547,59.439781,61.499165,19999
-8.241422,41.026554,7.728096,-11112,11193,-484.200012,528.599976,-24210.000000,26429.998047,59.987919,61.920406,20000
-9.768884,37.877712,7.608253,-11143,11230,-494.399994,519.599976,-24722.472656,25982.597656,61.288002,60.663399,19998
-10.767838,34.636356,7.487637,-11137,11242,-499.000000,530.400024,-24950.000000,26520.001953,61.820740,61.669613,20000
-11.429436,31.065550,7.367111,-11112,11186,-489.000000,531.000000,-24451.222656,26551.328125,60.673950,62.387947,19999
-11.618900,27.497154,7.247248,-11143,11217,-515.000000,520.400024,-25752.576172,26022.603516,63.675503,61.395859,19998
-11.429557,24.015505,7.126909,-11100,11180,-481.399994,518.799988,-24068.796875,25938.703125,59.718002,61.845051,20001
-10.781405,20.574734,7.006762,-11045,11149,-471.000000,512.799988,-23552.355469,25642.564453,58.958508,61.521088,19998
-9.657273,17.146685,6.885411,-11112,11236,-492.399994,538.400024,-24621.230469,26921.347656,61.481682,63.570133,19999
-7.997327,13.902421,6.765193,-11168,11303,-510.200012,555.000000,-25511.275391,27751.386719,63.270485,63.965378,19999
-6.240126,10.900161,6.645589,-11149,11273,-498.600006,540.599976,-24931.246094,27031.349609,61.717209,61.107159,19999
-4.115634,8.154979,6.525846,-11143,11199,-509.000000,524.599976,-25288.156250,26063.193359,62.816227,60.337421,20128
-1.686075,5.758847,6.405565,-11119,11217,-480.799988,523.000000,-24197.281250,26321.087891,59.437817,61.023685,19870
1.015700,3.495917,6.285659,-11106,11186,-497.600006,524.599976,-24881.244141,26231.310547,61.605839,62.242519,19999
3.954546,1.717584,6.164811,-11112,11211,-497.600006,528.000000,-24881.244141,26401.320312,61.846451,62.641907,19999
7.028574,0.273463,6.043984,-11112,11193,-481.399994,520.599976,-24071.203125,26031.300781,59.837742,61.787834,19999
10.346060,-0.711104,5.924413,-11094,11205,-471.200012,524.000000,-23561.177734,26201.310547,58.694191,61.926254,19999
13.623937,-1.331951,5.805174,-11119,11223,-510.399994,511.399994,-25521.275391,25571.277344,63.483093,59.760159,19999
17.068209,-1.582582,5.684624,-11076,11174,-487.000000,529.799988,-24351.216797,26491.324219,60.899136,61.926540,19999
20.513866,-1.445144,5.563709,-11076,11199,-476.799988,527.599976,-23841.191406,26381.318359,59.646198,61.507534,19999
23.862045,-0.907319,5.443172,-11106,11254,-497.799988,531.599976,-24891.244141,26581.328125,62.233784,61.321552,19999
27.151100,0.123118,5.323892,-11100,11266,-489.200012,546.400024,-24461.224609,27321.367188,61.256428,61.958218,19999
30.168100,1.453692,5.204858,-11082,11248,-463.600006,533.200012,-23181.160156,26661.333984,58.259941,59.926014,19999
33.035500,3.194372,5.085968,-11131,11254,-490.200012,557.599976,-24512.451172,27882.787109,61.307896,62.808907,19998
35.826694,5.445305,4.966296,-11082,11186,-494.000000,524.400024,-24698.765625,26218.689453,61.981575,60.792408,20001
38.269096,7.915417,4.846509,-11106,11236,-486.600006,529.400024,-24332.433594,26472.648438,60.749046,61.647881,19998
40.444916,10.677508,4.726688,-11076,11242,-468.799988,541.200012,-23441.171875,27061.353516,58.904175,62.913822,19999
42.244865,13.581072,4.608117,-11094,11248,-477.799988,543.799988,-23891.193359,27191.359375,60.013416,62.110622,19999
43.651630,16.608721,4.488684,-11112,11236,-482.399994,541.599976,-24122.412109,27082.707031,60.511406,61.611034,19998
44.678139,19.931915,4.367565,-11094,11217,-485.200012,533.799988,-24258.787109,26688.664062,60.880836,61.003723,20001
45.317558,23.319199,4.247384,-11119,11236,-473.200012,519.599976,-23662.367188,25982.597656,59.021484,59.656769,19998
45.666359,26.729286,4.127676,-11112,11260,-481.200012,529.799988,-24061.203125,26491.324219,60.135571,60.634369,19999
45.514511,30.083071,4.007519,-11069,11242,-467.600006,540.599976,-23381.169922,27031.349609,58.842709,61.486954,19999
44.940926,33.404648,3.886534,-11057,11211,-469.200012,526.799988,-23461.173828,26341.316406,59.278469,60.002071,19999
43.897499,36.655720,3.765351,-11112,11230,-486.399994,533.000000,-24321.214844,26651.332031,61.041504,60.869736,19999
42.555565,39.795517,3.644571,-11100,11230,-484.200012,527.599976,-24211.210938,26381.318359,60.756432,60.716518,19999
40.909836,42.696812,3.523639,-11131,11254,-472.799988,544.000000,-23640.000000,27200.000000,58.944401,62.523411,20000
38.820984,45.442993,3.402792,-11082,11254,-478.000000,561.599976,-23901.195312,28081.402344,59.990894,64.088409,19999
36.337166,47.903397,3.283116,-11082,11266,-463.000000,559.000000,-23151.158203,27951.398438,58.243355,62.499847,19999
33.634331,50.010704,3.162431,-11094,11236,-474.200012,541.000000,-23711.185547,27051.353516,59.640259,60.288860,19999
30.594954,51.840626,3.041556,-11112,11236,-486.399994,529.599976,-24321.214844,26481.322266,60.926533,59.708675,19999
27.472042,53.294125,2.920598,-11094,11211,-493.000000,534.000000,-24651.232422,26701.335938,61.608051,61.589653,19999
23.912737,54.282066,2.798255,-11143,11254,-485.600006,556.000000,-24280.000000,27800.000000,60.239906,64.033493,20000
20.459597,54.931141,2.676291,-11131,11254,-493.200012,538.200012,-24662.466797,26912.691406,61.270344,61.996017,19998
16.970016,55.223682,2.555321,-11076,11223,-489.000000,519.799988,-24451.222656,25991.298828,61.107170,59.925568,19999
13.485945,55.079926,2.433146,-11125,11242,-494.000000,523.000000,-24701.234375,26151.306641,61.496204,60.393711,19999
9.928367,54.369122,2.311364,-11149,11254,-503.799988,515.400024,-25190.000000,25770.001953,62.380981,59.309456,20000
6.546089,53.364223,2.189356,-11162,11273,-483.000000,536.200012,-24150.000000,26810.000000,59.504517,61.579693,20000
3.318346,51.936771,2.067310,-11205,11316,-499.200012,553.000000,-24962.496094,27652.765625,61.023766,62.916336,19998
0.281049,50.188446,1.945867,-11149,11279,-497.200012,539.200012,-24861.244141,26961.349609,61.285820,60.713097,19999
-2.496370,48.160645,1.824167,-11039,11156,-479.200012,508.000000,-23960.000000,25400.000000,59.978340,58.354790,20000
-5.059446,45.781509,1.703456,-11100,11199,-480.600006,519.400024,-24031.201172,25971.298828,59.991070,60.706993,19999
-7.253165,43.182552,1.582849,-11131,11180,-494.000000,531.799988,-24540.486328,26418.281250,61.272648,63.376720,20130
-9.175755,40.262344,1.461777,-11162,11230,-508.600006,529.599976,-25598.953125,26655.927734,62.509499,62.915001,19868
-10.654252,37.076588,1.341705,-11168,11236,-503.000000,524.799988,-25151.257812,26241.310547,61.648045,62.084148,19999
-11.807150,33.852451,1.221249,-11125,11217,-491.600006,524.200012,-24580.000000,26210.000000,60.606773,61.337097,20000
-12.478129,30.418903,1.099727,-11119,11211,-476.000000,519.599976,-23801.189453,25981.296875,58.839291,60.836918,19999
-12.745428,26.802788,0.978146,-11100,11230,-492.600006,532.000000,-23497.423828,25376.835938,61.249287,61.933296,20964
-12.567132,23.311537,0.857269,-11149,11266,-496.799988,536.200012,-24842.484375,26812.681641,61.454391,61.700150,19998
-12.004313,19.896547,0.736504,-11174,11285,-485.600006,521.200012,-24281.214844,26061.302734,59.783909,59.133823,19999
-11.085305,16.609251,0.615590,-11180,11254,-516.000000,526.400024,-25801.291016,26321.316406,63.321793,60.125210,19999
-9.667308,13.430902,0.494863,-11119,11223,-490.600006,520.000000,-24531.226562,26001.300781,60.748444,60.095520,19999
-7.899049,10.446730,0.374743,-11076,11217,-471.399994,522.000000,-23571.177734,26101.304688,58.773571,60.972424,19999
-5.893764,7.719753,0.254309,-11094,11149,-491.799988,518.799988,-24591.228516,25941.296875,61.374702,61.494926,19999
-3.527339,5.209778,0.133842,-11125,11223,-501.399994,534.200012,-25071.253906,26711.335938,62.187595,63.091873,19999
-0.863313,3.040348,0.013702,-11143,11242,-494.000000,534.799988,-24701.234375,26741.335938,60.938641,62.882473,19999
1.969958,1.266392,-0.106876,-11156,11273,-508.600006,562.000000,-25431.271484,28101.404297,62.733646,64.647369,19999
5.017965,-0.203934,-0.227693,-11143,11230,-490.799988,532.599976,-24541.226562,26631.330078,60.596203,61.188225,19999
8.208776,-1.356813,-0.347175,-11094,11230,-488.000000,520.000000,-24401.220703,26001.300781,60.733463,59.650570,19999
11.445811,-2.137777,-0.466175,-11094,11217,-487.799988,532.799988,-24383.904297,26633.341797,61.012234,61.650803,20005
14.874275,-2.400391,-0.586521,-7891,9807,-420.799988,509.799988,-21049.470703,25501.474609,75.528572,68.466888,19991
18.139122,-2.290080,-0.706516,-5569,6622,-360.799988,413.200012,-18041.802734,20662.066406,91.817413,83.529289,19998
21.498493,-1.785655,-0.825839,-4990,5692,-334.399994,379.000000,-16720.835938,18950.947266,90.839226,84.653389,19999
24.639288,-0.853475,-0.942780,-4589,5248,-324.000000,347.399994,-16200.809570,17370.869141,73.600670,65.708725,19999
27.531950,0.307993,-1.054410,-4287,4946,-302.399994,337.000000,-15120.755859,16850.841797,0.000000,0.000000,19999
30.186737,1.832891,-1.161530,-4035,4996,-289.200012,355.000000,-14460.000977,17750.000000,0.000000,0.000000,20000
32.460846,3.442492,-1.261931,-4195,5698,-309.000000,412.600006,-15450.772461,20631.031250,0.000000,0.000000,19999
34.311329,5.135051,-1.351672,-4287,6308,-310.200012,430.399994,-15511.551758,21522.152344,0.000000,0.000000,19998
35.911774,6.812764,-1.432449,-4170,6129,-295.200012,417.200012,-14760.000977,20860.000000,0.000000,0.000000,20000
37.215946,8.474072,-1.509283,-3899,5809,-278.200012,399.000000,-13911.391602,19951.996094,0.000000,0.000000,19998
38.304996,10.125338,-1.582529,-3585,5316,-257.399994,358.399994,-12870.643555,17920.896484,0.000000,0.000000,19999
39.209702,11.786879,-1.652966,-3296,4620,-237.399994,304.600006,-11870.000000,15230.000000,0.000000,0.000000,20000
39.974747,13.430130,-1.718826,-3012,3844,-218.399994,261.200012,-10920.545898,13060.653320,0.000000,0.000000,19999
40.610821,14.906681,-1.781325,-2784,3320,-205.199997,232.800003,-10260.512695,11640.582031,0.000000,0.000000,19999
41.054653,16.405941,-1.841099,-2372,2988,-176.000000,211.800003,-8800.440430,10590.529297,0.000000,0.000000,19999
41.403950,17.829588,-1.896835,-1928,2778,-145.600006,191.800003,-7280.364258,9590.479492,0.000000,0.000000,19999
41.632374,19.080379,-1.946738,-1614,2550,-130.000000,191.600006,-6500.325195,9580.479492,0.000000,0.000000,19999
41.778992,20.190802,-1.991979,-1306,2864,-112.599998,217.600006,-5630.281250,10880.543945,0.000000,0.000000,19999
41.862785,21.176165,-2.032048,-1047,2969,-96.800003,222.800003,-4840.242188,11140.557617,0.000000,0.000000,19999
41.879726,22.071917,-2.067908,-881,2809,-83.599998,210.600006,-4180.208984,10530.526367,0.000000,0.000000,19999
41.866333,22.812244,-2.099330,-788,2538,-67.400002,186.199997,-3370.168701,9310.465820,0.000000,0.000000,19999
41.834595,23.435266,-2.128222,-733,2236,-55.200001,165.000000,-2760.000000,8250.000000,0.000000,0.000000,20000
41.762440,23.944475,-2.152890,-585,1749,-41.599998,133.399994,-2080.208008,6670.666992,0.000000,0.000000,19998
41.692368,24.369356,-2.174548,-259,1220,-26.799999,101.000000,-1340.000000,5050.000000,0.000000,0.000000,20000
41.604237,24.730488,-2.193646,-12,955,-26.799999,86.599998,-1340.134033,4330.433105,0.000000,0.000000,19998
41.544472,24.998232,-2.209090,12,819,-14.600000,71.199997,-730.036499,3560.177734,0.000000,0.000000,19999
41.481533,25.204308,-2.221175,-6,745,-14.600000,60.200001,-730.000000,3010.000000,0.000000,0.000000,20000
41.450680,25.357431,-2.230893,0,721,-12.600000,48.799999,-630.031494,2440.122070,0.000000,0.000000,19999
41.421021,25.480377,-2.238288,-6,690,-9.200000,46.400002,-460.022980,2320.115967,0.000000,0.000000,19999
41.367554,25.527296,-2.243712,-6,715,-9.200000,46.200001,-460.022980,2310.115479,0.000000,0.000000,19999
41.288212,25.506975,-2.247076,0,536,-7.200000,37.799999,-360.035980,1890.188965,0.000000,0.000000,19998
41.231133,25.476793,-2.248661,0,376,-0.000000,28.400000,0.000000,1420.000000,0.000000,0.000000,20000
41.173630,25.447124,-2.248641,-6,160,-0.000000,26.000000,0.000000,1300.130005,0.000000,0.000000,19998
41.134331,25.415524,-2.247188,-6,-6,-0.000000,26.000000,0.000000,1299.935059,0.000000,0.000000,20001
41.114655,25.399759,-2.245439,0,-18,-0.000000,26.600000,0.000000,1330.133057,0.000000,0.000000,19998
41.114655,25.399759,-2.244070,0,6,-0.000000,26.600000,0.000000,1330.133057,0.000000,0.000000,19998
41.109585,25.395718,-2.243214,0,6,-0.000000,23.000000,0.000000,1150.000000,0.000000,0.000000,20000
41.109585,25.395718,-2.242874,0,6,-0.000000,35.000000,0.000000,1750.175049,0.000000,0.000000,19998
41.109585,25.395718,-2.243029,-6,6,-0.000000,35.000000,0.000000,1750.087524,0.000000,0.000000,19999
41.109585,25.395718,-2.243304,0,6,-0.000000,0.000000,0.000000,0.000000,0.000000,0.000000,20000
41.109585,25.395718,-2.243398,0,6,-0.000000,0.000000,0.000000,0.000000,0.000000,0.000000,19999
41.109585,25.395718,-2.243373,12,6,-0.000000,0.000000,0.000000,0.000000,0.000000,0.000000,19999
41.113625,25.390648,-2.243342,0,6,-0.000000,0.000000,0.000000,0.000000,0.000000,0.000000,19999
41.113625,25.390648,-2.243293,6,6,-0.000000,0.000000,0.000000,0.000000,0.000000,0.000000,19999
41.113625,25.390648,-2.243120,0,6,-0.000000,0.000000,0.000000,0.000000,0.000000,0.000000,20000
41.113625,25.390648,-2.242896,0,6,-0.000000,0.000000,0.000000,0.000000,0.000000,0.000000,19999
41.113625,25.390648,-2.242821,0,0,-0.000000,0.000000,0.000000,0.000000,0.000000,0.000000,19999
41.113625,25.390648,-2.243006,0,0,-0.000000,0.000000,0.000000,0.000000,0.000000,0.000000,19999
41.113625,25.390648,-2.243136,6,0,-0.000000,0.000000,0.000000,0.000000,0.000000,0.000000,19999
41.113625,25.390648,-2.243049,0,6,-0.000000,0.000000,0.000000,0.000000,0.000000,0.000000,19999
41.113625,25.390648,-2.242802,0,6,-0.000000,0.000000,0.000000,0.000000,0.000000,0.000000,19999
41.113625,25.390648,-2.242569,0,6,-0.000000,0.000000,0.000000,0.000000,0.000000,0.000000,19999
41.113625,25.390648,-2.242507,0,0,-0.000000,0.000000,0.000000,0.000000,0.000000,0.000000,19999
41.113625,25.390648,-2.242570,0,0,-0.000000,0.000000,0.000000,0.000000,0.000000,0.000000,19999
41.113625,25.390648,-2.242694,0,6,-0.000000,0.000000,0.000000,0.000000,0.000000,0.000000,19999
41.113625,25.390648,-2.242842,0,6,-0.000000,0.000000,0.000000,0.000000,0.000000,0.000000,19999
41.113625,25.390648,-2.242841,6,0,-0.000000,0.000000,0.000000,0.000000,0.000000,0.000000,20000
41.113625,25.390648,-2.242692,0,0,-0.000000,0.000000,0.000000,0.000000,0.000000,0.000000,19999
41.113625,25.390648,-2.242405,0,6,-0.000000,0.000000,0.000000,0.000000,0.000000,0.000000,19998
41.113625,25.390648,-2.242276,0,6,-0.000000,0.000000,0.000000,0.000000,0.000000,0.000000,20000
41.113625,25.390648,-2.242278,0,0,-0.000000,0.000000,0.000000,0.000000,0.000000,0.000000,19999
41.113625,25.390648,-2.242568,0,0,-0.000000,0.000000,0.000000,0.000000,0.000000,0.000000,19999
41.113625,25.390648,-2.242801,0,6,-0.000000,0.000000,0.000000,0.000000,0.000000,0.000000,20000
41.113625,25.390648,-2.242818,0,-6,-0.000000,0.000000,0.000000,0.000000,0.000000,0.000000,19998
41.113625,25.390648,-2.242788,0,0,-0.000000,0.000000,0.000000,0.000000,0.000000,0.000000,19999
41.113625,25.390648,-2.242537,0,0,-0.000000,0.000000,0.000000,0.000000,0.000000,0.000000,19999
41.113625,25.390648,-2.242349,0,-6,-0.000000,0.000000,0.000000,0.000000,0.000000,0.000000,19999
41.113625,25.390648,-2.242314,0,6,-0.000000,0.000000,0.000000,0.000000,0.000000,0.000000,19999
41.113625,25.390648,-2.242410,0,6,-0.000000,0.000000,0.000000,0.000000,0.000000,0.000000,19999
41.113625,25.390648,-2.242607,0,6,-0.000000,0.000000,0.000000,0.000000,0.000000,0.000000,19999
41.113625,25.390648,-2.242712,0,0,-0.000000,0.000000,0.000000,0.000000,0.000000,0.000000,19999
41.113625,25.390648,-2.242702,0,-6,-0.000000,0.000000,0.000000,0.000000,0.000000,0.000000,19999
41.113625,25.390648,-2.242563,0,0,-0.000000,0.000000,0.000000,0.000000,0.000000,0.000000,19999
41.113625,25.390648,-2.242387,6,-6,-0.000000,0.000000,0.000000,0.000000,0.000000,0.000000,19999
41.113625,25.390648,-2.242345,0,0,-0.000000,0.000000,0.000000,0.000000,0.000000,0.000000,19999
41.113625,25.390648,-2.242457,0,0,-0.000000,0.000000,0.000000,0.000000,0.000000,0.000000,19999
41.113625,25.390648,-2.242573,-6,0,-0.000000,0.000000,0.000000,0.000000,0.000000,0.000000,19999
41.113625,25.390648,-2.242574,0,0,-0.000000,0.000000,0.000000,0.000000,0.000000,0.000000,20000
41.113625,25.390648,-2.242556,6,0,-0.000000,0.000000,0.000000,0.000000,0.000000,0.000000,19999
41.113625,25.390648,-2.242465,6,0,-0.000000,0.000000,0.000000,0.000000,0.000000,0.000000,19999
41.113625,25.390648,-2.242453,6,0,-0.000000,0.000000,0.000000,0.000000,0.000000,0.000000,19999
41.113625,25.390648,-2.242466,0,0,-0.000000,0.000000,0.000000,0.000000,0.000000,0.000000,19999
41.113625,25.390648,-2.242560,6,-6,-0.000000,0.000000,0.000000,0.000000,0.000000,0.000000,20000
41.113625,25.390648,-2.242632,6,0,-0.000000,0.000000,0.000000,0.000000,0.000000,0.000000,19998
41.113625,25.390648,-2.242608,0,0,-0.000000,0.000000,0.000000,0.000000,0.000000,0.000000,20000
41.113625,25.390648,-2.242461,0,6,-0.000000,0.000000,0.000000,0.000000,0.000000,0.000000,19999
41.113625,25.390648,-2.242377,0,6,-0.000000,0.000000,0.000000,0.000000,0.000000,0.000000,19999
41.113625,25.390648,-2.242385,6,-6,-0.000000,0.000000,0.000000,0.000000,0.000000,0.000000,19999
41.113625,25.390648,-2.242446,0,6,-0.000000,0.000000,0.000000,0.000000,0.000000,0.000000,19999
41.113625,25.390648,-2.242632,12,0,-0.000000,0.000000,0.000000,0.000000,0.000000,0.000000,20000
41.113625,25.390648,-2.242725,0,0,-0.000000,0.000000,0.000000,0.000000,0.000000,0.000000,19999
41.113625,25.390648,-2.242741,6,0,-0.000000,0.000000,0.000000,0.000000,0.000000,0.000000,19999
41.113625,25.390648,-2.242549,0,0,-0.000000,0.000000,0.000000,0.000000,0.000000,0.000000,19999
41.113625,25.390648,-2.242387,6,0,-0.000000,0.000000,0.000000,0.000000,0.000000,0.000000,19999
41.113625,25.390648,-2.242366,6,6,-0.000000,0.000000,0.000000,0.000000,0.000000,0.000000,19999
41.113625,25.390648,-2.242349,0,0,-0.000000,0.000000,0.000000,0.000000,0.000000,0.000000,19999
41.1136